smiles,pgp_prob
CN1C(=NN=N1)SCC2=C(N3C(C(C3=O)(NC(=O)C(C4=CC=C(C=C4)O)C(=O)O)OC)OC2)C(=O)O,0.000500376
CN1CC[C@]23[C@@H]4[C@H]1CC5=C2C(=C(C=C5)OC6[C@@H]([C@H]([C@@H]([C@H](O6)C(=O)O)O)O)O)O[C@H]3[C@H](C=C4)O,0.0033544097
CN1CC[C@]23[C@@H]4[C@H]1CC5=C2C(=C(C=C5)O)O[C@H]3[C@H](C=C4)OC6[C@@H]([C@H]([C@@H]([C@H](O6)C(=O)O)O)O)O,0.0040065725
CC1=NC=C(C=C1)CC2CNC(NC2=O)NCCCCC3=NC=C(C=C3C)Br,0.015654564
c1(c2c3n(c4c(C(N(C)C3)=O)c(Cl)ccc4)cn2)noc(C(O)(O)C)n1,0.08653448
CN1CC2=C(N=CN2C2=CC=CC(Cl)=C2C1=O)C1=NOC(=N1)[C@](C)(O)CO,0.12500532
C([C@@H]1[C@H]([C@@H]([C@H]([C@H](O1)O[C@]2([C@H]([C@@H]([C@H](O2)CO)O)O)CO)O)O)O)O,0.0035611591
C=CCC1=C(C(=CC=C1)/C=N\NC(=O)CN2CCN(CC2)CC3=CC=C(C=C3)S(=O)(=O)N)O,0.17868845
C1=CC(=CC=C1CNC2=NC3=C(C=CC(=C3)C(F)(F)F)N=C2C(=O)O)C(F)(F)F,0.67141473
CC(=O)NC1C(C(C(OC1O)COS(=O)(=O)[O-])OC2C(C(C(C(O2)COS(=O)(=O)[O-])O)O)O)O.[Na+].[Na+],0.0011340601
C1=CC(=C(C=C1C2=CSC(=N2)N=C(N)N)O)O,0.031679455
CCNC1=C(N=CC=C1)N2CCN(CC2)C(=O)C3=CC4=C(N3)C=CC(=C4)NS(=O)(=O)C,0.37805694
O=C1C2=C(C(O)=C(/C=N/N3CCN(C)CC3)C(NC(C/C(C)=C\C=C\[C@@H](C)C4O)=O)=C5O)C5=C(O)C(C)=C2O[C@]1(C)O/C=C/[C@@H]([C@H]([C@H]([C@H]([C@H]([C@@H]4C)O)C)OC(C)=O)C)OC,0.84667844
CC(C)CCCCCCCCC(=O)N[C@@H]1[C@H]([C@@H]([C@H](O[C@H]1OC2=C3C=C4C=C2OC5=C(C=C(C=C5)[C@H]([C@H]6C(=O)N[C@@H](C7=C(C(=CC(=C7)O)O[C@@H]8[C@H]([C@H]([C@@H]([C@H](O8)CO)O)O)O)C9=C(C=CC(=C9)[C@H](C(=O)N6)NC(=O)[C@@H]4NC(=O)[C@@H]1C2=C(C(=CC(=C2)OC2=C(C=CC(=C2)[C@H](C(=O)N[C@H](CC2=CC=C(O3)C=C2)C(=O)N1)NC)O)O)Cl)O)C(=O)NCCCN(C)C)O)Cl)CO)O)O,0.13714854
CC1C(=NC=N1)CSCCNC(=NC)NC#N,0.004836734
CCCC1=NC(=C2N1N=C(NC2=O)C3=C(C=CC(=C3)S(=O)(=O)N4CCN(CC4)CC)OCC)C,0.56569326
C1=CC=[N+]2C=C(NC2=C1)CN,4.700562e-05
C1=CC(=CC=C1C(=O)O)N,0.0026267166
CC1=CC=CC=C1N=C2N(CCN2C)C,0.023691004
C1=C(C=C(C2=C1NC(=CC2=O)C(=O)O)Cl)Cl,0.014480335
CCCC1=NN(C2=C1N=C(NC2=O)C3=C(C=CC(=C3)S(=O)(=O)N4CCN(CC4)C)OCC)C,0.5330878
CC1=CC(=C(C=C1)N=C2N(CCN2C)C)C,0.058656942
C1=COC(=C1)C2=NN3C(=NC(=NC3=N2)NCCC4=CC=C(C=C4)O)N,0.30987436
C1C[C@H](O[C@H]1CO)N2C=NC3=C2N=CNC3=O,0.0030666096
CN\C(NCCSC1=CC=C(CN(C)C)O1)=C\[N+]([O-])=O,0.009616891
CN=C(C[N+](=O)[O-])NCCCSC1=CC=C(O1)CN(C)C,0.014900262
CC(=O)OC1=C(C=C(C=C1)/C=C/C(=O)NCCC2=CC=CC=C2)OC(=O)C,0.50290984
CC1=CC=C(C=C1)/C(=C\CN2CCCC2)/C3=CC=CC(=N3)/C=C/C(=O)O,0.107214764
CN(C)Cc1oc(CSCCNC2C([N+]([O-])=O)=CC=N2)cc1,0.029212777
CN(C)CCC1=CNC2=C1C=C(C=C2)CC3COC(=O)N3,0.09817826
CCC(C)C1C(CCC2(O1)CC3CC(O2)CC=C(C(C(C=CC=C4COC5C4(C(C=C(C5O)C)C(=O)O3)O)C)OC6CC(C(C(O6)C)OC7CC(C(C(O7)C)O)OC)OC)C)C,0.9928939
CN1CC(=O)N2C(C1=O)CC3=C(C2C4=CC5=C(C=C4)OCO5)NC6=CC=CC=C36,0.6720084
C[C@@H]1CC(=CC(=O)[C@H]1C(=O)OC)NC2=CC(=CC=C2)[N+](=O)[O-],0.28985882
CC1=CC2=CC=CC=C2N1CCNC(=O)/C=C/C3=CC(=C(C=C3)OCCO)OCCO,0.64412105
O=[C@@](CNC(C)(C)C)[C@H](CC(CCCC3)C3C2)N2C[C@H](O)[C@@H](NC(C4=C(C)C(O)=CC=C4)=O)CSC1=CC=CC=C1,0.8136819
CCS(=O)(=O)C1=CC=C(C=C1)C2=C(C3=C(C=C2)C=C(C=C3)O)OC4=CC=C(C=C4)OCCN5CCCCC5,0.9610217
C1CC(C[C@@H]1[C@@](C2=CC=CC=C2)(C(=O)NC3CCN(CC3)CC4=NC(=CC=C4)N)O)(F)F,0.3989666
CC3CCN(CCC1CCN1S(=O)(=O)/C2=C/C(O)=C\CC2)CC3,0.13051322
C1=CC=C(C=C1)COC(=O)NCC2=CC=C(C=C2)C(=O)NC3=CC=CC=C3N,0.83727187
CS(=O)(=O)C1=CC=C(C=C1)C2=C(C3=C(C=C2)C=C(C=C3)O)OC4=CC=C(C=C4)OCCN5CCCCC5,0.93590844
CC(=C)C(=O)/C(=C/C(=O)O)/OC,0.0020466694
CCN1N=C(N=N1)NC(=O)C2C3=CC=CC=C3OC4=CC=CC=C24,0.26269567
CN1CCN(CC1)CC2=CC=C(C=C2)NC3=NC=C(C(=N3)NC4=CC=CC=C4S(=O)(=O)N(C)C)Cl,0.7512644
CCC1C(=O)N(CC(=O)N(C(C(=O)NC(C(=O)N(C(C(=O)NC(C(=O)NC(C(=O)N(C(C(=O)N(C(C(=O)N(C(C(=O)N(C(C(=O)N1)C(C(C)/C=C/C)O)C)CC(C)C)C)CC(C)C)C)CC(C)C)C)C)C)CC(C)C)C)C(C)C)CC(C)C)C)C,0.98124826
O=C1N([C@@H](C(N([C@@H](C(N[C@@H](C(N(C)CC(N([C@@H](C(N[C@@H](C(N([C@@H](C(N[C@@H](C(N[C@@H](C(N([C@@H](C(N([C@@H]1CC(C)C)C)=O)CC(C)C)C)=O)C)=O)C)=O)CC(C)C)C)=O)C(C)C)=O)CC(C)C)C)=O)=O)CC)=O)[C@@H]([C@H](C)/C=C/C)O)C)=O)CC(C)C)C,0.9620223
CC[C@H]1C(=O)N(CC(=O)N([C@H](C(=O)N[C@H](C(=O)N([C@H](C(=O)N[C@H](C(=O)N[C@@H](C(=O)N([C@H](C(=O)N([C@H](C(=O)N([C@H](C(=O)N([C@H](C(=O)N1)[C@@H]([C@H](C)/C=C/C)O)C)CC(C)C)C)CC(C)C)C)CC(C)C)C)C)C)CC(C)C)C)C(C)C)CC(C)C)C)C,0.9930477
CCC1C(=O)N(CC(=O)N(C(C(=O)NC(C(=O)N(C(C(=O)NC(C(=O)NC(C(=O)N(C(C(=O)N(C(C(=O)N(C(C(=O)N(C(C(=O)N1)C(C(C)CC=CC)O)C)C(C)C)C)CC(C)C)C)CC(C)C)C)C)C)CC(C)C)C)C(C)C)CC(C)C)C)C,0.9869006
C1CCN(CC1)CCOC2=CC=C(C=C2)OC3=C(C=CC4=C3C=CC(=C4)O)C5=CC=C(C=C5)O,0.8807477
c1cc(CSCCNc2cc(Cc3ccccc3)c[nH]2)oc1CN(C)C,0.76115274
CC1=CN(C(=O)NC1=O)C2CC(C(O2)CO)N[NH+]=[N-],0.00097548246
CC1=CN(C(=O)NC1=O)[C@@H]2C[C@@H]([C@@H](O2)CO)N=[N+]=[N-],0.002298538
CCC1C(=O)N(CC(=O)N(C(C(=O)NC(C(=O)N(C(C(=O)NC(C(=O)NC(C(=O)N(C(C(=O)N(C(C(=O)N(C(C(=O)N(C(C(=O)N1)C(C(C)C/C=C/C)O)C)C(C)C)C)CC(C)C)C)CC(C)C)C)C)C)CC(C)C)C)C(C)C)CC(C)C)C)C,0.9861224
CC(C)C1=NC(=CS1)CN(C)C(=O)NC(C(C)C)C(=O)NC(CC2=CC=CC=C2)CC(C(CC3=CC=CC=C3)NC(=O)OCC4=CN=CS4)O,0.98371696
CC(C)[C@@](CCCN(C)CCC1=CC(=C(C=C1)OC)OC)(C#N)C2=CC(=C(C=C2)OC)OC,0.8452841
O=C2C/C=[N+](C1CC(F)C(CO)O1)\C(=O)N2,0.00052416057
C1=NN(N=C1C(=O)N)C2C(C(C(O2)CO)O)O,0.0010209618
C1=C(C(=CC(=C1N)N)N)N.Cl.Cl.Cl.Cl,0.124595225
[O-][N+](C1=CC=NC1NCCSCc2ncccc2Br)=O,0.061438136
CC1=CC(=CC=C1)COC2=CC=CC(=C2)/C=C/3\C(=O)NN(C3=O)C4=CC=CC=C4,0.887606
C1CN(CCC12C(CNC(=O)O2)C3=CC=CC=C3)C(=O)C4=CC(=CC(=C4)C(F)(F)F)C(F)(F)F,0.690657
[O-][N+](C1=CC=NC1NCCSCc2ccccn2)=O,0.017404696
CCC(C)N1C(=O)N(C=N1)C2=CC=C(C=C2)N3CCN(CC3)C4=CC=C(C=C4)OCC5COC(O5)(CN6C=NC=N6)C7=C(C=C(C=C7)Cl)Cl,0.9974734
CC(=O)CC1=CC=C(C=C1)C(=O)NC1=C(N)C=CC(=C1)C1=CC=CS1,0.81952095
CN1CC[C@]23[C@@H]4[C@@H](CC[C@]2(C1CC5=C3C(=C(C=C5)OC)O4)O)O,0.05234503
CC1=NC(=C(C(=O)N1)[N+](=O)[O-])N2CCC3=CC=CC=C3CC2,0.21351404
C1CCN(C1)CCN2C=CC3=C2C=C(C=C3)NC(=O)CC4=CC=C(C=C4)OCC5=CC=CC=C5,0.98000973
CC(=O)NC1=CC=C(C=C1)C(=O)NC2=CC=CC=C2N,0.2254813
C1CCN(CC1)CCOC2=CC=C(C=C2)OC3=C(C=CC4=C3C=CC(=C4)O)C5=CC(=CC=C5)O,0.9033348
O=C(NC([C@@H](O)C(O[C@H]1C[C@@](O)(C(OC(C2=CC=CC=C2)=O)[C@H]3[C@@]4(C)[C@@H](O)C[C@]5([H])C3(CO5)OC(C)=O)C(C)(C)C(C(OC(C)=O)C4=O)=C1C)=O)C6=CC=CC=C6)C7=CC=CC=C7,0.98161143
CN(C)[C@@H]1[C@@H]2C[C@@H]3CC4=C(C=CC(=C4C(=C3C(=O)[C@@]2(C(=C(C1=O)C(=O)N)O)O)O)O)N(C)C,0.035040308
CN(C)[C@H]1[C@@H]2C[C@@H]3CC4=C(C=CC(=C4C(=C3C(=O)[C@@]2(C(=C(C1=O)C(=O)N)O)O)O)O)N(C)C,0.03305529
CC1=CC2=CC=CC=C2N1CCNC(=O)/C=C/C3=CC(=C(C(=C3)OC)OC)OC,0.82555676
C1CN(CCC1CC2=CC=C(C=C2)F)CCS(=O)C3=CC4=C(C=C3)NC(=O)O4,0.676561
C1=CC=C(C=C1)NC(=O)CCCCCNC(=O)CF,0.09608105
CC1=C(C(CCC1)(C)C)/C=C/C(=C/C=C/C(=C\C(=O)[O-])/C)/C,0.16095074
CC1=C(C(CCC1)(C)C)/C=C/C(=C/C=C/C(=C/C(=O)O)/C)/C,0.09749345
CC(C)(C)NC(=O)[C@@]1([C@]2(N1C2=O)C3=CC=C(C=C3)OCC4=CC=C(C=C4)Cl)C5=C(NC6=C5C=CC(=C6)Cl)C(=O)O,0.57976234
CC1CN(CC1C2=NC3=C(C=NN3C4CCOCC4)C(=O)N2)CC5=NC=CC=N5,0.009482181
CC1=NC(=NO1)NC(=O)C2C3=CC=CC=C3OC4=CC=CC=C24,0.49523377
CC(C)(C)/[N+](=C/C1=CC=[N+](C=C1)[O-])/[O-],0.001099941
CN(C)S(=O)(=O)C1=CC=C(C=C1)C2=C(C3=C(C=C2)C=C(C=C3)O)OC4=CC=C(C=C4)OCCN5CCCCC5,0.95271856
CC(=O)O[C@H]1CC2=CC=CC=C2[C@H](C3=CC=CC=C13)C(=O)N,0.09335994
NC(=O)[C@H]1C2=CC=CC=C2[C@H]2O[C@H]2C2=C1C=CC=C2,0.046141647
CN1[C@@H](CCC1=O)C2=CN=CC=C2,0.0021266725
CC1=C2C(C(=O)C3(C(CC4C(C3C(C(C2(C)C)(CC1OC(=O)C(C(C5=CC=CC=C5)NC(=O)C6=CC=CC=C6)O)O)OC(=O)C7=CC=CC=C7)(CO4)OC(=O)C)O)C)OC(=O)C,0.99045944
c1(C(C)C)onc(c4ncn2c4CNC(c3c2cccc3Cl)=O)n1,0.22520664
C1C(=NC2=C(C=C(C=C2)C3=CC=CC=C3F)NC1=O)C4=CC(=NC=C4)C#N,0.7213334
CN1C2=NC=NC2C(=O)N(C1=O)C,0.0009934129
CN1C2C(C(=O)N(C1=O)C)NC=N2,0.001236038
CN(C)Cc1ccnc(c2cccc(NC3C([N+]([O-])=O)=CC=N3)c2)c1,0.27898452
C1=CC(CN(C)C)=CC(C2=CC=CC(NC3NC=CC3N(=O)=O)=C2)=N1,0.09761331
CN(C)Cc1ccc(c2cccc(NC3C([N+]([O-])=O)=CC=N3)c2)o1,0.35283607
CN1CN(C2(C1=O)CCN(CC2)CCCC(=O)C3=CC=C(S3)[123I])C4=CC=CC=C4,0.7221004
C1=CC=C(C=C1)C(=O)N,0.0024509584
CO[C@H]1CNCC[C@H]1NC(=O)C2=CC(=C(C=C2OC)N)Cl,0.012173606
C[C@]12CCC(=O)C=C1CC[C@@H]3[C@@H]2[C@H](C[C@]4([C@H]3CC[C@@]4(C(=O)CO)O)C)O,0.084496446
C1CC1NC2=C3C(=NC(=N2)N)N(C=N3)[C@@H]4C[C@@H](C=C4)CO,0.026377156
C(C(CO)O)O,0.00057710696
C1=CC(=C(C=C1Cl)Cl)C(CN2C=CN=C2)OCC3=C(SC=C3)Cl,0.54104364
C1=CC=C(C=C1)CCNN,0.011363091
C[C@H](C1=CC=C(C=C1)CC(C)C)C(=O)O,0.03407367
CCC(=O)N[C@H]1C(=NC[C@@H]([C@@H]([C@@H](CO)O)O)O)NC(=O)NC1=O,0.0014117482
C[C@]12C[C@@H]([C@H]3[C@H]([C@@H]1CC[C@@]2(C(=O)CO)O)CCC4=CC(=O)C=C[C@]34C)O,0.10549824
C=CCC1=C(C(=CC=C1)/C=N\NC(=O)CN2CCN(CC2)CC3=CC=CC=C3)O,0.57962644
CC(C(=O)O)N,0.0007371623
C[C@@H]1CC(=CC(=O)[C@H]1C(=O)OC)NC2=CC(=CC=C2)OC(F)(F)F,0.32427984
CN1C2=C(C=CC(=C2)[C@H](C3=CC=C(C=C3)Cl)N4C=NC=N4)N=N1,0.17591701
ClC1=CC=C2N=C(CC(=O)NC2=C1)C1=C(C=CS1)C#N,0.4111356
CC(C)NCCCOC1=CC(CN2CCCCC2)=CC=C1,0.16837159
CC(C)N1N=C(N=N1)NC(=O)C2C3=CC=CC=C3OC4=CC=CC=C24,0.45301208
CN1C[C@@H](CC1=O)CCN2C3=C(C4=CC=CC=C42)C(=O)NCC3,0.19780514
CN(C)C1CCN(CC2=CC=C(C=C2)C(=O)NC2=C(N)C=CC(=C2)C2=CC=CC=C2)CC1,0.80227727
CC1=NC=CC(=C1)C2=CC3=NC(=NN3C(=C2)N)C4=CC=CC=N4,0.122015215
CC1CC(C(C(/C=C(\C(C(/C=C\C=C(/C(=O)NC2=CC(=O)C(=C(C1)C2=O)NCCN(C)C)\C)OC)OC(=O)N)/C)C)O)OC,0.43855134
C1C=2C(C(NC(/C(C)=C/C=C\[C@@H]([C@H](/C(=C/[C@@H](C)[C@@H]([C@H](OC)C[C@H]1C)O)C)OC(=O)N)OC)=O)=CC(C2NCCN(C)C)=O)=O,0.33862594
Cn4nc(CC(=O)NC1CC[N+]2(C)CCCC1C2)c3ccccc34,0.00074852025
CC1CCN(CCC2CCN2S(=O)(=O)C2=CC=CC(O)=C2)CC1,0.2969572
COC1=C(C2=C(C[C@@H]3C4=CC(=C(C=C4CCN3C2)OC)OC)C=C1)OC,0.32783872
CN1C=C(C(=N1)C2=CC=C(C=C2)OCC3=NC4=CC=CC=C4C=C3)C5=CC=NC=C5,0.85266054
CN1C=NC2C1C(=O)N(C(=O)N2C)C,0.00073734624
CNCC1=CC=C(C=C1)C(=O)NC1=C(N)C=CC(=C1)C1=CC=CC=C1,0.76013994
CC2/C=[N+](C1CC(N=[N+]=N)C(CO)O1)\C(=O)NC2=O,0.00024949556
CN1CCCC11CCN(CC2=CC=C(C=C2)C(=O)NC2=C(N)C=CC(=C2)C2=CC=CC=C2)CC1,0.90127784
CCN1CN(C2(C1=O)CCN(CC2)CCCC(=O)C3=CC=C(C=C3)F)C4=CC=CC=C4,0.7522549
C[C@H]1[C@H]([C@H](C[C@@H](O1)O[C@H]2C[C@@](CC3=C2C(=C4C(=C3O)C(=O)C5=CC=CC=C5C4=O)O)(C(=O)C)O)N)O,0.37373045
CC(C)CC(C(=O)O)N,0.0024175947
NC1=NC(COC2=NC=CC=C2)=C(C#N)C(=N1)C1=CC=CO1,0.15194723
C1CN(CCC2=CC=CC=C21)C3=C(C(=O)N(C=N3)CCO)C#N,0.30877453
C1=CC=C(C=C1)NC(=NC2=CC=CC=C2)N,0.11564519
C1CCN(CC1)C2=NC(=NC3=C2N=C(N=C3N4CCCCC4)N(CCO)CCO)N(CCO)CCO,0.6140555
C[C@@H](C1=CC=CC=C1)NC2=NC=CC(=C2)C3=C(N=C(N3C)C4CCNCC4)C5=CC(=CC=C5)C(F)(F)F,0.9594701
CC(C)NCC(COC1=CC=CC=C1OCC=C)O,0.032866634
C1=CC=C(C=C1)N2C(=O)C3=C(C(=NC3N2)CC(=O)C4=CC=CC5=CC=CC=C54)CC(=O)C6=CC=CC7=CC=CC=C76,0.98368436
N#[N+]O,0.0006975619
CCN1C(=NC(=C(C1=O)[N+](=O)[O-])N2CCC3=CC=CC=C3CC2)C,0.40662652
B(C1=CC=C(C=C1)C[C@@H](C(=O)O)N)(O)O,0.002397959
CCCN(CCC)C1=CC(=NC2=C(C(=NN12)C)C3=CN=C(C=C3C)N(C)C)C,0.58750594
O[C@@]1(C(OC)=O)C2[C@@](C(C=C([C@@](C[C@H](C[C@]3(O)CC)C[N@](C3)CC4)(C(OC)=O)C5=C4C(C=CC=C6)=C6N5)C(OC)=C7)=C7N2C)(CCN8CC=C9)C8[C@]9(CC)[C@H]1OC(C)=O,0.89022195
C[C@]12CCN([C@@H]1N(C3=C2C=C(C=C3)OC(=O)NC)C)C,0.021677924
C1CC2=CC=CC=C2CC1OC(=O)C3=CC=CC=C3C(=O)O,0.2553725
CN1C2=CC=CC=C2C(=O)N3C1=C4C(=C5C=CC=CC5=N4)CC3,0.49507445
C1C=N[C@H](N1)NC2=C(C=CC=C2Cl)Cl,0.0064312355
CCC[C@@H](C)C1(C(=O)NC(=O)NC1=O)CC,0.009342366
F\C=C\O\C=C/F,0.0006236296
C(=CF)OC=CF,0.0005596321
OC1=CC(O)=CC2C1=CC(OC4[C@@H]([C@H]([C@@H]([C@@H](CO)O4)O)O)O)=C(C3=CC=C(O)C(O)=C3)O2,0.010427321
C1=CC(=C(C=C1C2=[O+]C3=CC(=CC(=C3C=C2O[C@H]4[C@@H]([C@H]([C@@H]([C@H](O4)CO)O)O)O)O)O)O)O,0.033857446
CC(C(=O)O)O,0.0012893633
FC(F)(F)C1=CC(=NC(Cl)=C1)N1CCN(CCCCN2CCCC2=O)CC1,0.53584045
C1CCN(CC1)CCOC2=CC=C(C=C2)OC3=C(C=CC4=C3C=CC(=C4)O)C5=CC=CC(=C5)C#N,0.94500387
COC1=C2C3=C(CNCC[C@]34C=C[C@@H](C[C@@H]4O2)O)C=C1,0.07638646
[C@]23([C@]1([C@H](OC1)C[C@@H]([C@@]2(C([C@H](OC(C)=O)C=2C([C@]([C@@H]3OC(c1ccccc1)=O)(C[C@H](OC([C@H]([C@@H](c1ccccc1)NC(c1ccc(cc1)F)=O)O)=O)C2C)O)(C)C)=O)C)O)OC(C)=O)[H],0.9531108
CC1=C2[C@H](C(=O)[C@@]3([C@H](C[C@@H]4[C@]([C@H]3[C@@H]([C@@](C2(C)C)(C[C@@H]1OC(=O)[C@@H]([C@H](C5=CC=CC=C5)NC(=O)C6=CC=C(C=C6)F)O)O)OC(=O)C7=CC=CC=C7)(CO4)OC(=O)C)O)C)OC(=O)C,0.95426625
CCC(=O)N(C1=CC=CC=C1)C2(CCN(CC2)CCC3=CC=CS3)COC,0.6299993
CN(C)CC1=CC=CC=C1SC2=CC(=C(C=C2N)Cl)F,0.5352068
CC1=NC(=C(C(=O)N1CCOC)[N+](=O)[O-])N2CCC(CC2)C3=CC=C(C=C3)F,0.642568
CN1[C@H]2CC(C[C@H]1[C@H]3[C@@H]2O3)OC(=O)C(CO)C4=CC=CC=C4,0.0386431
COC1=CC(=CC(=C1OC)OC)/C=C/C(=O)NCCN2C3=CC=CC=C3C=C2C(F)(F)F,0.86674404
CN1CCCC[C@@H]1CCN2C3=CC=CC=C3SC4=C2C=C(C=C4)SC,0.8734685
CCCN1CCC[C@H]2[C@H]1CC3=CN=C(N=C3C2)N.Cl.Cl,0.021924581
[C@@H](C(F)(F)F)(F)Br,0.00094748463
C[C@H]1CN2C3=C(CN1CC=C(C)C)C=C(C=C3NC2=S)Cl,0.62634647
CC1=NC=CN1CC2CCC3=C(C2=O)C4=CC=CC=C4N3C,0.18750362
c1(C(NC(c2c3c(cccc3)cc(c4ccccc4)c2C)=O)CC)ccccc1,0.90518075
CC(=O)OC1C(SC2=CC=CC=C2N(C1=O)CCN(C)C)C3=CC=C(C=C3)OC,0.8642336
CC(=O)O[C@@H]1[C@@H](SC2=CC=CC=C2N(C1=O)CCN(C)C)C3=CC=C(C=C3)OC,0.7007592
CC1=C(C(=O)N2C=CSC2=N1)CCN3CCC(=C(C4=CC=C(C=C4)F)C5=CC=C(C=C5)F)CC3,0.95360816
C1C(=NC2=C(C=C(C=C2)C#CC3=CC=CC=C3)NC1=O)C4=CC=CC(=C4)C#N,0.7588781
C1C(=O)NC2=C(C=C(C=C2)[N+](=O)[O-])C(=N1)C3=CC=CC=C3,0.3612574
CCC1=C(N=C2C=CC(=CC2=C1)C(=O)C3CCC(CC3)OC)C,0.6149032
CC1=CC=CC=C1C2=C(C=C(C=C2)N)N(C)C(=O)C(C)(C)C3=CC(=CC(=C3)C(F)(F)F)C(F)(F)F,0.9535209
CN1CC[C@]23[C@@H]4C(=O)CC[C@]2([C@H]1CC5=C3C(=C(C=C5)O)O4)O,0.018135276
[C@@H](C(F)(F)F)(Cl)Br,0.0009601174
CN(C)C1=CC(=C(C=C1)O)CNC2=CC=CC3=C2N=C(C=C3)CO,0.6379432
C1[C@H]2[C@H](CN1)C3=C(C=CC(=C3)Cl)OC4=CC=CC=C24,0.39057708
COC1=CC2=C(OCC2)C(CN[C@H]2CCCN[C@@H]2C2=CC=CC=C2)=C1,0.4575591
CC1=C2OC3=C(C=CC=C3)C3(O)CNCC3C2=CC=C1,0.25413525
C1CN(CCN1CCOCCO)[C@@H](C2=CC=CC=C2)C3=CC=C(C=C3)Cl,0.47670403
[C@@]13(C4OCC1=CC=C[C@H]([C@H](O[C@@H]2O[C@H]([C@H](O[C@@H]1O[C@H]([C@H]([C@H](C1)OC)O)C)[C@@H](OC)C2)C)C(=CC[C@@H]2C[C@@H](C[C@@]1(CC[C@H]([C@@H]([C@H](CC)C)O1)C)O2)OC([C@@H]3C=C([C@H]4O)C)=O)C)C)O,0.9650563
CN1CCC[C@H]1C2=CN=CC=C2,0.0019999496
CCN(CCC#N)C1=CC=CC=C1,0.026757885
[C@@H](C(F)(F)F)(OC(F)F)Cl,0.0010807903
C1=CC=C(C=C1)CCNCCC#N,0.014568612
CN(C)C1=C2C3=C(C(=O)N(C=N3)C4CCCCCC4)SC2=NC=C1,0.8766657
C1CN(CCC1OC2=CC=CC(=C2)C(F)(F)F)CCCCNC(=O)C3=CC=NC4=CC=CC=C34,0.9579299
CC1C2CC3=C([C@@]1(CCN2CC=C(C)C)C)C=C(C=C3)O,0.4966312
CCC1=CC2=C(S1)N(C(=O)CN=C2C3=CC=CC=C3Cl)C,0.39741665
CC[C@H]1C(=O)N(CC(=O)N([C@H](C(=O)N[C@H](C(=O)N([C@H](C(=O)N[C@H](C(=O)N[C@@H](C(=O)N([C@H](C(=O)N([C@H](C(=O)N([C@H](C(=O)N([C@H](C(=O)N1)[C@@H]([C@H](C)C/C=C/C)O)C)C(C)C)C)CC(C)C)C)CC(C)C)C)C)C)CC(C)C)C)C(C)C)CC(C)C)C)C,0.9945081
c1c(c(ccc1CC(N)C(OCC\C(=C(/C)N(C)C([H])=O)SSC(C)C)=O)OC(=O)C(C)(C)C)OC(C(C)(C)C)=O,0.37613687
CN1CCC23[C@@H]4C1CC5=C2C(=C(C=C5)OC)O[C@H]3[C@H](C=C4)O,0.13582407
CN1CC[C@]23[C@@H]4[C@H]1CC5=C2C(=C(C=C5)OC)O[C@H]3[C@@H](C=C4)O,0.08693916
CCC1(CC(C2=C(C1O)C(=C3C(=C2O)C(=O)C4=C(C3=O)C=CC=C4O)O)OC5CC(C(C(O5)C)O)N6CCOCC6)O,0.56001127
CC[C@]1(C[C@@H](C2=C([C@H]1O)C(=C3C(=C2O)C(=O)C4=C(C3=O)C=CC=C4O)O)O[C@H]5C[C@@H]([C@@H]([C@@H](O5)C)O)N6CCOCC6)O,0.39029688
CN1CCN(CC1)CC2=CC=C(C=C2)C(=O)NC3=C(C=CC(=C3)C4=CC=CC=C4)N,0.8497697
COC1=CC=CC(=C1O)CN,0.008362256
CN1CC[C@]23[C@@H]4[C@H]1CC5C2C(=C(C=C5)OC)O[C@H]3C(=O)C=C4,0.041153878
CN(C1CCN(CC1)CC(COC2=CC(=C(C=C2)F)F)O)C3=NC4=CC=CC=C4S3,0.94175893
CN(C1CCN(CC1)C[C@@H](COC2=CC(=C(C=C2)F)F)O)C3=NC4=CC=CC=C4S3,0.9584298
CN(C)CC1=CC=C(C=C1)C(=O)NC2=CC=CC=C2N,0.22187121
CC1=NC(=C(C(=O)N1CC(F)(F)F)C#N)N2CCC3=CC=CC=C3CC2,0.62079406
C1=CC=C(C=C1)C2=N[C@H](C(=O)NC3=C2C=C(C=C3)Cl)O,0.33989793
CC1=C2C(=CC=C1)N(C(=N2)NC3CCN(CC3)CCN)CC4=C(C=CC(=N4)C)O,0.3469811
CC1=CC=CC=C1C2=C(C=NC=C2)C(=O)N(C)CC3=CC(=CC(=C3)C(F)(F)F)C(F)(F)F,0.7422649
CN(C)CC1=CC(=CC=C1)C2=NC(=NN2CCO)C3=CC=C(C=C3)OC,0.50589216
C1CCN(CC1)CCOC2=CC=C(C=C2)OC3=C(C=CC4=C3C=CC(=C4)O)C5=CC(=CC=C5)F,0.96530324
CCCCCCNC(=O)C(C1=CC=CC=C1)C2=CC=CC=C2,0.5123132
c1cc(ccc1C(c1ccc(cc1)F)O[C@@]1(C[C@H]2CCC(C1)[N@@]2CCCC)[H])F,0.85364276
C1=CC=C2C=C(C=CC2=C1)C(=O)NC3=CC=CC(=C3)CN,0.56838846
CCCCN1[C@@H]2CC[C@H]1CC(C2)OC(C3=CC=C(C=C3)F)C4=CC=C(C=C4)F,0.85560143
CN(C)CC1=CC=C(C=C1)C(=O)NC1=C(N)C=CC(=C1)C1=CC=CS1,0.791217
CC1=CC=C(C=C1)/C(=C/CN2CCCC2)/C3=CC=CC=N3,0.36641806
COC1=CC=CC=C1N2CCN(CC2)CCCCNC(=O)C3=CC4=CC=CC=C4C=C3,0.9192211
C1[C@H]([C@@H]1N)C2=CC=C(C=C2)F,0.021120545
CN(C)CCCN1C2CCCCCC2CCC2=CC=CC=C12,0.575164
CN(C)CCCN1C2=CC=CC=C2CC3=CC=CC=C31,0.38108808
CC[C@H](C)C(=O)O[C@H]1C[C@@H](C=C2[C@H]1[C@H]([C@H](C=C2)C)CC[C@@H]3C[C@H](CC(=O)O3)O)C,0.7269903
CN(C)CC1=CC=C(C=C1)C(=O)NC2=C(C=CC(=C2)C3=CC=CC=C3)N,0.81490725
CN(CC1=CC(=CC(=C1)C(F)(F)F)C(F)(F)F)C(=O)C2=C(C=CN=C2)C3=CC=CC=C3Cl,0.7732292
CCC(=O)NC1CCC(CC1)CCN2CCN(CC2)C3=C(C(=CC=C3)Cl)Cl,0.83773434
CCC[C@H](C)CC,0.00859065
COC1=CC=C(C=C1)C2=NC3=CC=CC=C3C(=C2)NCCO,0.6293098
COC1=C(C=C(C=C1)CCN2CCN(CC2)CCCC3=CC=CC=C3I)OC,0.88827646
C1CCN(CC1)CCOC2=CC=C(C=C2)OC3=C(C=CC4=C3C=CC(=C4)O)C5=CC(=C(C=C5)F)F,0.964883
O=S(O)(c2ccc1cc[nH]c1c2)N3CCCC3CCN5CCC(Oc4cccc(Cl)c4)CC5,0.8537728
CC(C)(C)C1=CC(=C(C=C1)OC)CN[C@H]2CCCN[C@H]2C3=CC=CC=C3,0.8370377
CS(=O)(=O)NC1CCC(CC1)CCN2CCN(CC2)C3=C(C(=CC=C3)Cl)Cl,0.83937645
CN(C)CCCN1C2=CC=CC=C2CCC3=C1C=C(C=C3)Cl,0.66675055
C1CN(CCC1OC2=CC=CC(=C2)C(F)(F)F)CCCCNC(=O)C3=CC=C(C=C3)Br,0.90811956
CN1CCC2C(C1)C1=CC=CC=C1OC1=CC=C(Cl)C=C21,0.59661055
CC(=O)NC1CCC(CC1)CCN2CCN(CC2)C3=C(C(=CC=C3)Cl)Cl,0.7044241
COC1=C(C=C(C=C1)OC(F)(F)F)CN[C@H]2CCCN[C@@H]2C3=CC=CC=C3,0.61341894
COC1=C(C=C(C=C1)OC(F)(F)F)CN[C@H]2CCCN[C@H]2C3=CC=CC=C3,0.60299796
C[C@@]12C3=CC=CC=C3C[C@@H](N1)C4=CC=CC=C24,0.28617188
C1=CC(=O)OC1=CC(=O)O,0.0024873503
C1CN(CCC1NC2=CC=CC(=C2)C(F)(F)F)CCCCNC(=O)C3=CC=C(C=C3)Br,0.90292853
C1CCN(CC1)CCOC2=CC=C(C=C2)OC3=C(C=CC4=C3C=CC(=C4)O)C5=CC=C(C=C5)F,0.9574752
CN1C(=NC(=N1)C2=CC=C(C=C2)OC)C3=CC=CC(=C3)CN(C)C,0.40131658
C1CCC(CC1)C(CCN2CCCCC2)(C3=CC=CC=C3)O,0.6481476
CC(C)N1CCN(CC1)C2=CC=C(C=C2)I,0.13512412
CN(C)CC1=CC(=CC=C1)C2=NC(=NN2COC)C3=CC=C(C=C3)OC,0.49985623
C1CN(CCN(C1)C2=CC=C(C=C2)Cl)CCCC(=O)C3=CC=C(C=C3)F,0.89816636
CN(C)CCC(C1=CC=C(C=C1)Cl)C2=CC=CC=N2,0.13733926
CC(C)C1=CC=C(SCCCC2CCN2C)C=C1,0.47796544
C1=CC=NC(=C1)NS(=O)(=O)C2=CC=C(C=C2)N=NC3=CC(=C(C=C3)O)C(=O)O,0.024425048
C1=CC2=C(C(=C(C=C2Cl)I)O)N=C1,0.07275031
CCNC(=NCCSCC1=C(C=CC=N1)Br)NC#N,0.0624341
CS(=O)(=O)N(CCO)C1=C2C(=CC(=C1Cl)Cl)NC(=O)C(=O)N2,0.073698506
C1C(=O)NC(=O)N1/N=C/C2=CC=C(O2)[N+](=O)[O-],0.009787064
C1=CC=C(C=C1)OC2=CC=CC(=C2)C3=C(C4=C(C=C(C=C4)Cl)NC3=O)O,0.78754294
CC1OCC2C(O1)C(C(C(O2)OC3C4COC(=O)C4C(C5=CC6=C(C=C35)OCO6)C7=CC(=C(C(=C7)OC)O)OC)O)O,0.61755586
CC1=NC=C(C=C1)CC2=CN=C(NC2=O)NCCCCC3=C(C=CC=N3)OC,0.116838954
OC(C1=C[C@@H](OC(CC)CC)[C@@H](NCOC)[C@@H](N)C1)=O,0.009686652
CC1=NC=C(C=C1)CC2=CN=C(NC2=O)NCCCCC3=NC=C(C=C3C)Br,0.34147084
CN1C(=NN=N1)SCC2=C(N3C(C(C3=O)(NC(=O)C4SC(=C(C(=O)N)C(=O)O)S4)OC)SC2)C(=O)O,0.0020642646
CN1C(=NN=N1)SCC2=C(N3[C@@H]([C@@](C3=O)(NC(=O)C4SC(=C(C(=O)N)C(=O)[O-])S4)OC)SC2)C(=O)[O-].[Na+].[Na+],0.0040315124
C1CN=C(N1)NC2=CC=CC=C2,0.006457927
CC(CO)(C1=NC(=NO1)C2=C3CN(C(=O)C4=C(N3C=N2)C=CC=C4Cl)C)O,0.13039172
O=C(N[C@@H](CC1=CC=CC=C1)[C@H](C[C@H](CC2=CC=CC=C2)CC([C@@H](NC(N(C)CC3=CSC(C(C)C)=N3)=O)C)=O)O)OCC4=CN=CS4,0.99234706
OCC(C)(CO)c1nc(no1)-c2ncn(c23)c4c(C(=O)N(C)C3)c(Cl)ccc4,0.15810683
C1CCN(CC1)CCOC2=CC=C(C=C2)C(=O)C3=C(SC4=C3C=CC(=C4)O)C5=CC=C(C=C5)O,0.85722715
CCOC(=O)N1CSCC1C(=O)O,0.0015350615
C1=CC(=CC=C1CCCC(=O)O)N(CCCl)CCCl,0.07851062
Oc1cc(O)cc(c12)CC(C(C2=O)O)c(c3)ccc(O)c3O,0.050479196
CC(C1=CC(=C(C=C1)C2=CC=CC=C2)F)C(=O)O,0.08810533
C(C(C(C(C(CO)O)O)O)O)O,0.00092939445
CC(=O)NC1=CC=CC(=C1)C2=CSC(=N2)N=C(N)N,0.089919046
Oc1cc(OCCCCO)ccc1C(CC(C)C)=O,0.39799905
Oc1cc(OCCCCOc2ccc(CCC(O)=O)c(O)c2)ccc1C(CC(C)C)=O,0.56164193
Oc1cc(OCCCCOc2ccc3c(OC(C=C3)=O)c2)ccc1C(CC(C)C)=O,0.9015627
CN(CC1=CN=C2C(=N1)C(=NC(=N2)N)N)C3=CC=C(C=C3)C(=O)NC(CCC(=O)O)C(=O)O,0.00087759655
C1=CC(=CC=C1C(CC(=O)O)CN)Cl,0.01268371
CN(CC1=CN=C2C(=N1)C(=NC(=N2)N)N)C3=CC=C(C=C3)C(=O)N[C@@H](CCC(=O)O)C(=O)O,0.001065704
CC1=C(C=C(C=C1)NC(=O)C2=CC=C(C=C2)CN3CCN(CC3)C)NC4=NC=CC(=N4)C5=CN=CC=C5,0.8443543
C1C[C@H](O[C@@H]1CO)N2C=CC(=NC2=O)N,0.0032109953
CC1=NN=C2N1C3=C(C=C(C=C3)Cl)C(=NC2O)C4=CC=CC=C4,0.25864848
O=C(N)Cc1ccc(OCC(NC(C)C)O)cc1,0.0027326918
CC1(C2CCC3(C(C2(CCC1O)C)C(=O)C=C4C3(CCC5(C4CC(CC5)(C)C(=O)O)C)C)C)C,0.8222844
CCCN1C2=C(C(=O)N(C1=O)CCC)NC(=N2)C3CCC(=O)C3,0.09624252
CCCN1C2=C(C(=O)N(C1=O)CCC)NC(=N2)[C@H]3CCC(=O)C3,0.10784243
COC(=O)NC1=NC2=C(N1)C=C(C=C2)C(=O)N3CCN(CC3)C4=CC=CC=N4,0.27460343
COC1=NC=CC(=N1)C2=C(N=CN2C3CCC(CC3)O)C4=CC=C(C=C4)F,0.48007554
c1cccc(c12)cccc2C(=O)c3ccc(OCC)c(c34)cccc4,0.8208539
CC1=CC=CC=C1NC2=NCCN2,0.0075799497
CC(C)C1=C(C(=C(N1CC[C@H](C[C@H](CC(=O)O)O)O)C2=CC=C(C=C2)F)C3=CC=CC=C3)C(=O)NC4=CC=CC=C4,0.88907176
CN1[C@H]2CC[C@H]1[C@@H](CC(O)=O)[C@@H](OC(C3=CC=CC=C3)=O)C2,0.014476785
CC(C)(C1=NC(=NO1)C2=C3CN(C(=O)C4=C(N3C=N2)C=CC=C4Cl)C)O,0.1878095
C[NH+](C)CC1=CC=C(CSCCNC2=NC(=O)C(=CN2)CC3=CC=C4C=CC=CC4=C3)O1,0.18802574
CC1=C(SC2=C1C=C(C=C2)Cl)S(=O)(=O)NC3=CC(=C(C=C3)OC)N4CCNCC4,0.91927546
CC1=C(C2=C(N1C(=O)C3=CC=C(C=C3)Cl)C=CC(=C2)OC)CC(=O)O,0.44041204
COC1=CC=CN=C1CCCCNC(N2)=NC=C(CC3=CC=CC(C)=N3)C2=O,0.21943095
CC1=CC(=C(C=C1)NC2=NCCN2)C,0.018304866
CC1=NC(=CC(=N1)N2CCN(CC2)CCO)NC3=NC=C(S3)C(=O)NC4=C(C=CC=C4Cl)Cl,0.7468967
C1=CC(=CC=C1C(C#N)C2=C(C=C(C=C2Cl)N3C(=O)NC(=O)C=N3)Cl)Cl,0.47563893
C1CCC(CC1)(CC2=NOC(=O)N2)CN,0.020414958
C1=CC=C(C(=C1)CC(=O)O)NC2=C(C=CC=C2Cl)Cl,0.14821877
C1C[C@@H](O[C@@H]1CO)N2C=NC3=C2N=CNC3=O,0.0031040537
CC1C(C2=C(N1C(=O)C3=CC=C(C=C3)Cl)C=CC(=C2)OC)CC(=O)O,0.36904472
C[C@H]1[C@@H](C2=C(N1C(=O)C3=CC=C(C=C3)Cl)C=CC(=C2)OC)CC(=O)O,0.34713078
C1=CC=C(C=C1)C2=CC=C(C=C2)C(=O)O,0.04735881
CN/C(=C\[N+](=O)[O-])/NCCSCC1=CC=C(O1)CN(C)C,0.011673604
CN(C)CC1=CC(CSCCN/C(NC)=N/C[N+]([O-])=O)=CO1,0.0043818885
CN=C(C[N+](=O)[O-])NCCSCC1=CC=C(O1)CN(C)C,0.0071762786
CNC(=C[N+](=O)[O-])NCCSCC1=CC=C(O1)CN(C)C,0.011381632
[O-][N+](=O)CC(NC)=NCCSc(o1)ccc1CN(C)C,0.0080022495
C[C@@H]1[C@H]([C@H](C[C@@H](O1)O[C@@H]2[C@H](O[C@H](C[C@@H]2O)O[C@@H]3[C@H](O[C@H](C[C@@H]3O)O[C@H]4CC[C@]5([C@@H](C4)CC[C@@H]6[C@@H]5C[C@H]([C@]7([C@@]6(CCC7C8=CC(=O)OC8)O)C)O)C)C)C)O)O,0.5703183
O=C(C(C)C)NC1=CC=C(CC(CN2C[C@H](OC)C(N3C(C=CC(C)=C4)=C4N=C3C)CC2)C5)C5=C1,0.9566561
C1[C@H](O[C@H](S1)CO)N2C=C(C(=NC2=O)N)F,0.0017448205
CN(C)CCC1=CNC2=C1C=C(C=C2)O,0.027572554
CN(C)C1=[NH+]C=CC(=C1)C2=N[NH]C(=N2)N,0.00033285408
C1=CC(=CC(=C1)N)C2=CSC(=N2)N=C(N)N,0.07744541
CCOC1=CN=C(C=C1)CC2=NC3=C(N2CC4CCCCC4)C=CC(=C3)N(C)S(=O)(=O)C5=CC=CS5,0.9687333
CCS(=O)(=O)N1C2=C(CN(CC2)C3CCOCC3)C4=C1C=CC(=C4)C(=O)N5CCC(CC5)C,0.66247034
CCCCCCCCCCCCCCCCOP(=O)([O-])OCC[N+](C)(C)C,0.68506277
CN(C)Cc1ccc(o1)SCCNc2c(N(=O)=O)cc[nH]2,0.23873615
CCN1CCCC1CNC(=O)C2=C(C=CC(=C2)S(=O)(=O)N)OC,0.008716402
CC(C)CC1C(=O)N2CCCC2C3(N1C(=O)C(O3)(C(C)C)NC(=O)C4CN(C5CC6=C(NC7=CC=CC(=C67)C5=C4)Br)C)O,0.9620131
CC(C)C[C@H]1C(=O)N2CCC[C@H]2[C@]3(N1C(=O)[C@](O3)(C(C)C)NC(=O)[C@H]4CN([C@@H]5CC6=C(NC7=CC=CC(=C67)C5=C4)Br)C)O,0.9416931
c1ccccc1CC(C(=O)N(C2C34O)CCC2)N3C(=O)C(O4)(C)NC(=O)C(C5)CN(C)C(C6)C5C7=CC=CC8NC=CC6=C78,0.9465023
CC1=NC=C(C=C1)CC2=CN=C(NC2=O)NCCSCC3=CC=C(O3)CN(C)C,0.08308502
C1C2CNCC1C3=CC=CC(=O)N3C2,0.00255842
CCCCC1=C(C2=CC=CC=C2O1)C(=O)C3=CC(=C(C(=C3)I)OCCN(CC)CC)I,0.8968848
CC1=NC=C(C=C1)CC2=CN=C(NC2=O)NCCSCC3=CC=C(O3)C(C)(C)N.Cl.Cl.Cl,0.27714095
CN(C)CCC1=CNC2=C1C=C(C=C2)C[C@H]3COC(=O)N3,0.07530321
CC[C@@]1(C[C@@H]2C[C@@](C3=C(CCN(C2)C1)C4=CC=CC=C4N3)(C5=C(C=C6C(=C5)[C@]78CCN9[C@H]7[C@@](C=CC9)([C@H]([C@@]([C@@H]8N6C=O)(C(=O)OC)O)OC(=O)C)CC)OC)C(=O)OC)O,0.8762374
O=C(N1CCN(c2ccc(OCCCN3CCCCC3)cc2)C(C1)=O)c4ccc(C(C)(C)C)cc4,0.9512375
CCC(C1=CC=CC=C1)NC(=O)C2=C(C(=NC3=CC=CC=C32)C4=CC=CC=C4)OCC(=O)O,0.6733929
O=C(OCC)C1=C[C@@H](OC(CC)CC)[C@@H](NCOC)[C@@H](N)C1,0.09961279
CC(C)N(CC(O)C)c1nnc(NNC(OCC)=O)cc1,0.010708463
CN(C)C(=O)CN1C(=O)C=CC(=N1)C2=C3C=CC=CN3N=C2C4=CC=CC=C4,0.5336064
CC1CC(=CC(=O)C1C(=O)OC)NC2=CC(=CC=C2)[N+](=O)[O-],0.35538822
COC1=[N+](N=CC(=C1)N)C2=CC=CC=C2,0.034686934
c1ccccc1C(c2ccccc2)C(N(C3)CC4)C(C34)NCc(c(c5)OC)cc(c56)N(CC6)S(=O)(=O)C,0.9634923
CSC1=NN2C(=C1S(=O)(=O)C3=CC=CC=C3)N=C4CCCC4=C2N5CCNCC5,0.34466216
CC1=CC=C(C=C1)C2=CC(=NN2C3=CC=C(C=C3)S(=O)(=O)N)C(F)(F)F,0.7496195
C1=CC(=CC(=C1)Cl)C(C2=CC3=C(C=C2)N=CN3)N4C=CN=C4,0.33628863
C1=CC(=CC(=C1)C(F)(F)F)/C(=N/OCCCCC(=O)O)/C2=CN=CC=C2,0.28017616
C1CC(C1)N2CCC(CC2)OC3=CC=C(C=C3)N4CCN(CC4=O)C(=O)C5=CC=C(C=C5)C(=O)N6CCC6,0.6742631
C1=CC=C(C=C1)C2=NC(=C(N2)C3=CC=NC=C3)C4=CC(=C(C=C4)Cl)O,0.81174815
CC(C)(C)NCC(COC1=CC=CC2=C1CC(C(C2)O)O)O,0.015631044
CC1CC(=CC(=O)C1C(=O)OC)NC2=CC=C(C=C2)Cl,0.29807478
CC1=C(C=CC=C1O)C(=O)NC(CSC2=CC=CC=C2)C(CN3CC4CCCCC4CC3C(=O)NC(C)(C)C)O,0.9821485
CON1C=C(C(=O)C2=CC3=C(C=C21)OCO3)C(=O)O,0.046697527
COC1=C(C=C2C(=C1)C(=NC(=N2)N3CCN(CC3)C(=O)C4=CC=CO4)N)OC,0.20663998
COC1=C(C=C(C=C1)Cl)C(=O)NCCC2=CC=C(C=C2)S(=O)(=O)NC(=O)NC3CCCCC3,0.80511296
OC1(C(CO)=O)CC[C@@]([C@]1(C)C2)([H])[C@]3([H])CCC4=CC(C=C[C@]4(C)[C@@]3([H])C2=O)=O,0.09364618
CC(C)(C1=CC(=C(C=C1)OC)CNC2C3CCN(C2C(C4=CC=CC=C4)C5=CC=CC=C5)CC3)O,0.9384289
C1CC(CC1C(C2=CC=CC=C2)(C(=O)NC3CCN(CC3)CC4=NC(=CC=C4)N)O)(F)F,0.44584155
CC1=C(C=CC(=C1)Cl)NC2=NCCN2,0.023749849
CN(C)CCOC(C=C1)=CC=C1C2=NC(C3=CC=C(/C(CC4)=N/CO)C4=C3)=C(C5=CC=NC=C5)N2,0.86686593
COC1=NN=C(C=C1)NS(=O)(=O)C2=CC=C(C=C2)N,0.0022310982
CC1C(C(CC(O1)OC2CC(CC3=C2C(=C4C(=C3O)C(=O)C5=C(C4=O)C(=CC=C5)OC)O)(C(=O)CO)O)N)O,0.41066378
C[C@H]1[C@H]([C@H](C[C@@H](O1)O[C@H]2C[C@@](CC3=C2C(=C4C(=C3O)C(=O)C5=C(C4=O)C(=CC=C5)OC)O)(C(=O)CO)O)N)O,0.3286496
CC1=CN=C(C(=C1OC)C)CS(=O)C2=NC3=C(N2)C=C(C=C3)OC,0.356389
NC(NC1=NC(CSCC/N=C(NC)/NC#N)=CS1)=N,0.007536667
CCC1=CC=C(C=C1)N2C=NC3=C(C2=O)SC4=NC=CC(=C34)N(C)CCC5=CC=CC=N5,0.96906966
CC(=O)NC1CCC2=CC(=C(C(=C2C3=CC=C(C(=O)C=C13)OC)OC)OC)OC,0.43758422
O=C1N2CCCC(O)C2=NC(C)=C1CCN3CCC(C4=COc5cc(F)ccc54)CC3,0.46455956
C1=CC(=C(C=C1C[C@@H](C(=O)O)N)O)O,0.002285825
O=C(O)[C@@H]1CCCN1OC(=O)[C@H](N)Cc2ccccc2,0.009537122
C1C(C(OC1N2C=CC(=NC2=O)N)CO)CO,0.0016067538
CC(=C)C(=O)/C(=C\C(=O)O)/OC,0.0023858934
CC(=O)N1CCC(CC1)COC2=NC(=NC(=C2C(=O)NC)NCC3CCC4(CCC4)CC3)C#N,0.7053854
OCC1C(CO)O[C@@H](C1)n(c(n2)=O)ccc2N,0.0020364267
Clc1cc(Cl)cc(c12)[nH]c(cc2=O)C(=O)OCCc3c(C)[n+](C)cs3,0.3281984
C1=CC(=C(C=C1CC(C(=O)O)N)O)O,0.0030048548
CC1COC2=C3N1C=C(C(=O)C3=CC(=C2N4CCN(CC4)C)F)C(=O)O,0.019839456
CC(C)(C)NC(=O)C1CN(CCN1CC(CC(CC2=CC=CC=C2)C(=O)NC3C(CC4=CC=CC=C34)O)O)CC5=CN=CC=C5,0.97216785
CN(C)CC1=CC=C(O1)CSCCNC2=C(C(=CN2)CC3=CC=CC=C3)[N+](=O)[O-],0.8454194
CN(C)Cc1ccc(o1)SCCNc([nH]c2)c([N+]([O-])=O)c2Cc3ccccc3,0.8268717
CN(C)CC1=CC=C(CSCCNC2=C(Cc3ccccc3)C=CN2)O1,0.73681056
CCC(CO)NC1=NC(=C2C(=N1)N(C=N2)C(C)C)NCC3=CC=CC=C3,0.40828854
CC1=CN(C(=O)NC1=O)C2CC(C(O2)CO)N=[N+]=N,0.0011650266
CCN1N=NN(CCN2CCC(COC)(N(C3=CC=CC=C3)C(CCC)=O)CC2)C1=O,0.2872867
C1=NC2=C(N1)C(=S)N=CN2,0.002457101
O[C@H]([C@]1([H])[C@@H](CC2)CC(C=C)[C@@H]2C1)c3c4cc(OC)ccc4ncc3,0.5248278
CC1CN(CCC1(C2=CC=CC=C2)C(=O)O)C3CCC(CC3)(C#N)C4=CC=C(C=C4)F,0.1506575
CC1C2=C(C=CC=C2Cl)NC(=N1)N,0.023152817
CCCCCCCCCCCCCCCCCCOCC(COP(=O)([O-])OCC[N+](C)(C)C)OC,0.8615754
CC[C@@H](C)N1C(=O)N(C=N1)C2=CC=C(C=C2)N3CCN(CC3)C4=CC=C(C=C4)OC[C@@H]5CO[C@@](O5)(CSC6=NN=CN6C)C7=CC=C(C=C7)Cl,0.99493873
C1CC(C1)N2CCC(CC2)OC3=CC=C(C=C3)N4CCN(CC4=O)C(=O)C5=CC=C(C=C5)C#N,0.63384736
CN1C2CCCC1CC(C2)NC(=O)C3=NN(C4=CC=CC=C43)C,0.09174813
CNC(=O)C1=C(N=C(N=C1OCC2CCNCC2)C#N)NCC3CCC4(CCC4)CC3,0.355812
CC1=C(C(=O)N2CC(CCC2=N1)O)CCN3CCC(CC3)C4=NOC5=C4C=CC(=C5)F,0.27742922
C1=NC(=NN1C2C(C(C(O2)CO)O)O)C(=O)N,0.001048025
c1c[nH]c(c1C(=O)O)NCCSCc2c(Br)cccn2,0.050443668
C1=CC(=C(N=C1)CSCCNC2=C(C=CN2)[N+](=O)[O-])Br,0.289164
Brc1cccnc1CSCCNC2=C([N+]([O-])=O)NC=C2,0.22999072
CCN1C=C(C(=O)C2=C1N=C(C=C2)C)C(=O)O,0.011902673
C1=CC=NC(=C1)CSCCNC2=C(C=CN2)[N+](=O)[O-],0.12655553
CC1=NC(=NC2=CC(=C(C=C12)OC)OC)N3CCN(CC3)C(=O)C4=CC=CO4,0.20699792
CC1=CC(=C(C=C1)NC2=NCCN2)Cl,0.031617314
CCC(C)N1C(=O)N(C=N1)C2=CC=C(C=C2)N3CCN(CC3)C4=CC=C(C=C4)OC[C@H]5CO[C@](O5)(CN6C=NC=N6)C7=C(C=C(C=C7)Cl)Cl,0.99766475
CC(C)C(CCCNCCC1=CC(=C(C=C1)OC)OC)(C#N)C2=CC(=C(C=C2)OC)OC,0.8538414
CC(=O)N1CCN(CC1)C2=CC=C(C=C2)OCC3CO[C@@](O3)(CN4C=CN=C4)C5=C(C=C(C=C5)Cl)Cl,0.97702533
O=C(N(C1=CC=C(CCN2C(C)=O)C2=C1)N3CCN(CCC4CCCC4)CC3)/C=C/C5=CC(C#N)=CC=C5,0.95304793
C1CN(CC1C(C2=CC=CC=C2)(C3=CC=CC=C3)C(=O)N)CCC4=CC5=C(C=C4)OCC5,0.8038281
C1CN(C[C@@H]1C(C2=CC=CC=C2)(C3=CC=CC=C3)C(=O)N)CCC4=CC5=C(C=C4)OCC5,0.870988
CC1=CN(C(=O)NC1=O)C2CC(C(O2)CO)F,0.0022467545
CSC(=N)N,0.0005150804
[C@]123c4c5c(OC)ccc4CC(NCC3)[C@]2(O)CCC([C@H]1O5)O,0.052470528
C[C@@H]1CCCN1CCCOC2=CC=C(C=C2)N3CCN(CC3=O)C(=O)C4=C(C=C(C=C4)F)F,0.7758086
C1C[C@@H]2NS(=O)(=O)C3=CC=CC=C3N2C1,0.015428347
O=C1C(CC(C)C)N(C2=O)C(O[C@@]2(C(C)C)NC([C@@H]3C=C(C(C=CC=C4N5)=C4C(C6)=C5Br)[C@]6([H])N(C)C3)=O)[C@@]7([H])N1CCC7,0.9552256
C1C(C2=CC=CC=C2N(C3=CC=CC=C31)C(=O)N)O,0.050046466
C(C\C(=C(/C)N(Cc1cnc(nc1N)C)C([H])=O)SSC(C)C)OC(C2=CC(c1c(cc(cc1N2)[Cl])[Cl])=O)=O,0.4696659
CC(C)CN(CC(C(CC1=CC=CC=C1)NC(=O)OC2CCOC2)O)S(=O)(=O)C3=CC=C(C=C3)N,0.8479441
CC(C)CN(C[C@H]([C@H](CC1=CC=CC=C1)NC(=O)O[C@@H]2CCOC2)O)S(=O)(=O)C3=CC=C(C=C3)N,0.8768051
CC(C)CN(C[C@H]([C@H](CC1=CC=CC=C1)NC(=O)O[C@H]2CCOC2)O)S(=O)(=O)C3=CC=C(C=C3)N,0.8741743
CN1CN(C2=CC=C(Br)C=C2)C3(CC[NH+](CCCC(=O)C4=CC=C(F)C=C4)CC3)C1=O,0.14746025
CC(C)NC[C@@H](COC1=CC=C(C=C1)NC(=O)C)O,0.011014919
CC(C)CC(CC(=O)O)CN,0.0012767524
C1=CC(C)=CN(C12)C(CC(=O)N(C)C)=C(N2)c(cc3)ccc3C,0.3025294
CC1=C(C=C(C=C1)C(=O)NC2CC2)C3=CC=C(C=C3)C(=O)NCC4CC4,0.69327784
CC(=O)NC1=NN=C(S1)S(=O)(=O)N,0.00063497305
CN1CCC[C@H]1CC2=CNC3=C2C=C(C=C3)CCS(=O)(=O)C4=CC=CC=C4,0.782745
COC1=C(C=C(C=C1)S(=O)(=O)NC2=C(C(=CC(=C2)Br)F)Br)N3CCNCC3,0.6381655
C(CCl)NC(=O)N(CCCl)N=O,0.0018863002
CCCCC1=C(N(N(C1=O)C2=CC=CC=C2)C3=CC=CC=C3)O,0.66785073
CN(C(CN1CCC(C1)O)C2=CC=CC=C2)C(=O)C(C3=CC=CC=C3)C4=CC=CC=C4,0.8697255
CCCCC1C(=O)N(N(C1=O)C2=CC=CC=C2)C3=CC=CC=C3,0.51436836
COC1=C(C=C2C(=C1)N=CN=C2NC3=CC(=C(C=C3)F)Cl)OCCCN4CCOCC4,0.81027794
C[C@]12CCC(=O)C=C1CC[C@@H]3[C@@H]2[C@@H](C[C@]4([C@H]3CC[C@@H]4C(=O)CO)C)O,0.07985732
C1=CC(=CC=C1CC(C(=O)O)N)N(CCCl)CCCl,0.048506748
CC1=C(C(CCC1)(C)C)C=CC(=CC=CC(=CC(=O)O)C)C,0.09582249
CC1=CN(C(=O)NC1=O)C2C=CC(O2)CO,0.0025443519
CN(C)CCCN1C2=CC=CC=C2S(=O)C3=CC=CC=C31,0.319909
CCC1=CC=C(C=C1)N2C=NC3=C(C2=O)SC4=NC=CC(=C34)N(C)C,0.892722
CN1C(=O)N2C=NC(=C2N=N1)C(=O)N,0.00057673425
C1CN(CCC1S(=O)(=O)C2=CC=C(C=C2)C(=O)N)CCC3=C(C=C(C=C3)F)F,0.44477382
CC(=O)NCCCOC1=CC=CC(=C1)CN2CCCCC2,0.2206088
C1CCN(CC1)CCCOC2=CC=C(C=C2)N3CCN(CC3=O)C(=O)C4=CC=C(C=C4)F,0.7940606
C1CN(CCN1CCNC(=O)C2=CC=C(C=C2)F)C3=C4C(=CC=C3)OC(CO4)CO,0.4252293
C1CN(CCN1CCNC(=O)C2=CC=C(C=C2)F)C3=C4C(=CC=C3)O[C@H](CO4)CO,0.3725664
C1=CC=C(C(=C1)C(=O)NCC(=O)O)O,0.0022088762
CCCN(CCC)CCc(c1)cc(O)c(c12)NC(=O)C2,0.062491417
CCN1CN(C2(C1=O)CCN(CC2)CCCC(=O)C3=CC=C(C=C3)F)C4=CC=C(C=C4)Br,0.85093606
CN1CCN(CC1)C2=C(C=C3C(=C2F)N(C=C(C3=O)C(=O)O)CCF)F,0.021793336
C1CCC(C1)(C(=O)O)N,0.0042702556
CC1=C(C(C(=C(N1)C)C(=O)OC(C)(C)C)C2=CC(=CC=C2)[N+](=O)[O-])C(=O)OC(C)(C)C,0.71187913
CC[C@@]1(C2=C(COC1=O)C(=O)N3CC4=CC5=C(C=CC(=C5CN(C)C)O)N=C4C3=C2)O,0.26393735
O=C1N2C(c3nc4cc(O)c(CN(C)C)cc4cc3C2)=CC5=C1COC([S@]5(O)CC)=O,0.19804896
CC1CC2=CC(=C(C=C2N1S(=O)(=O)C)CNC3CCCNC3C4=CC=CC=C4)OC,0.61807775
C1C(=O)[C@@H]2[C@H]([C@@]1(C(=O)O)N)[C@]2(C(=O)O)F,0.0031618983
C=CC#N,0.00070748583
CCCN(CCC)S(=O)(=O)C1=CC=C(C=C1)C(=O)O,0.018415712
C(CN)CS(=O)(=O)O,0.0012265205
C1CC(C1)N2CCC(CC2)OC3=CC=C(C=C3)N4CCN(CC4=O)C(=O)C5=CC=C(C=C5)Cl,0.82866746
CC(C)C(CO)NC1=CC(=NC2=C(C(=NN12)NC3=CC(=CC(=C3)OC)OC)C(=O)N)C4CC4,0.9021915
CC1=NC2=C(C=C1)C(=CC=C2)OCCN3CCC(CC3)CC4=CC5=C(C=C4)OCC(=O)N5,0.8715447
CC(C)(C)[N+](=O)C=C1C=CN(C=C1)[O-],0.006834358
CC(C)OC1=CC=CC(=C1)CC(=O)N2CCC[C@](C2)(CC[N+]34CCC(CC3)(CC4)C5=CC=CC=C5)C6=CC(=C(C=C6)Cl)Cl.[Cl-],0.57148427
CN(C)CCC[C@@]1(C2=C(CO1)C=C(C=C2)C#N)C3=CC=C(C=C3)F,0.4454391
CC1=C(SC(=N1)N(C2=CC(=C(C=C2)OC)CNC3CCCNC3C4=CC=CC=C4)S(=O)(=O)C)C,0.8697475
C1CN(CCC1CNC2=NC=CC=N2)C(=O)OCC3=CC=CC=C3,0.14535157
CC(C1CSc2ccccc2N1CCC3CCCCN3C)=O,0.22234435
CC1C(C2=CC=CC=C2N(C3=CC=CC=C13)C(=O)N)C,0.37887686
C1=CC=C2C(C3=CC=CC=C3C4C(C2=C1)O4)C(=O)N,0.05383398
C1C2C1C3=CC=CC=C3N(C4=CC=CC=C24)C(=O)N,0.14878643
O=C1N2CCCCC2=NC(C)=C1CCN3CCC(C4=COc5cc(F)ccc54)CC3,0.5493681
CC(=O)CN1C(=O)C=CC(=N1)C2=C3C=CC=CN3N=C2C4=CC=CC=C4,0.72781956
C1=CC=C2C(=C1)C3C(O3)C4=CC=CC=C4N2C(=O)N,0.075396515
CC12CCC3C(C1CC(C2O)F)CCC4=C3C=CC(=C4)O,0.52407724
CCC1(C(=O)NC(=O)NC1=O)C2=CCCCC2,0.022027427
CC(C)C1=NC(=NO1)C2=C3CN(C(=O)C4=C(N3C=N2)C=CC=C4Cl)C,0.25137046
C[C@]12CC[C@H]3[C@H]([C@@H]1C[C@@H]([C@@H]2O)F)CCC4=C3C=CC(=C4)O,0.1762522
c1cc(O)ccc1CC(N)C(=O)N[C@H](C(C)(C)SS2)C(=O)NCC(=O)NC(C(=O)N[C@H](C(=O)O)C2(C)C)Cc3ccccc3,0.038928602
CC1([C@H](C(=O)NCC(=O)N[C@H](C(=O)N[C@H](C(SS1)(C)C)C(=O)O)CC2=CC=CC=C2)NC(=O)[C@H](CC3=CC=C(C=C3)O)N)C,0.04973515
CC1C=NC2=C1C(=O)NC(=O)N2C,0.0018244885
CCOC(=O)C1=C2CN(C(=O)C3=C(N2C=N1)C=CC(=C3)F)C,0.024263972
CN1C=NC2=C1C(=O)NC(=O)N2C,0.0005397849
C1=CC(=C(C=C1C(F)(F)F)NC(=O)NC2=C(C=CC(=C2)Cl)O)Cl,0.68947256
[Li],0.00025920995
CC[C@@]1(C2=C(COC1=O)C(=O)N3CC4=CC5=CC=CC=C5N=C4C3=C2)O,0.44727835
O=C1N2C(c3nc4ccccc4cc3C2)=CC5=C1COC([S@]5(O)CC)=O,0.40103722
CC(C)NCC(C1=CC=C(C=C1)NS(=O)(=O)C)O,0.006335272
CC(Cl)Cl,0.0008087839
CN(C)CC1=CC(=NC=C1)C2=CC(=CC=C2)NC3=C(C=CN3)[N+](=O)[O-],0.5742279
CC1=CC(=CC(=C1NC2=NCCN2)C)Br,0.02580896
C(CSC(=N)N)F,0.00071014074
CN(C)CC1=CC=C(O1)C2=CC(=CC=C2)NC3=C(C=CN3)[N+](=O)[O-],0.67412555
CN(C)c(o1)ccc1-c2cc(ccc2)Nc(c3[N+]([O-])=O)[nH]cc3,0.7627676
C[C@H]1C(=O)NC2(CCCC2)C(=O)N1,0.004294072
Ic1cc(C(=O)CCCN2CCC3(C(=O)N(C)CN3c4ccccc4)CC2)cS1,0.702593
ClC1=CC=C(C2(O)CCN(CCCC(C3=CC=CC=C3)(C(N(C)C)=O)C4=CC=CC=C4)CC2)C=C1,0.88729036
CC(C)(C)OC(=O)C1=C2CN(C(=O)C3=C(N2C=N1)C=CS3)C,0.11335345
CC1(CC(CC(N1)(C)C)OC2=NC(=NC(=C2C(=O)NC)NCC3CCC4(CCC4)CC3)C#N)C,0.50525504
C1CCN(CC1)CC2=CC(=CC=C2)OCCCNC(=O)C3=CC=CC=C3,0.8537518
C1=CN(C(=N1)[N+](=O)[O-])CCCF,0.002836397
C#CCO,0.0005392403
CC(C)NCC(COC1=CC=CC=C1CC=C)O,0.0570172
CC(C)(CN1C(=O)C=CC(=N1)C2=C3C=CC=CN3N=C2C4=CC=CC=C4)O,0.89094716
C=CCC1(C(=O)NC(=O)NC1=O)CC=C,0.0053289807
CCCN(CC1CC1)C2=NC(=NC3=C2CCN3C4=C(C=C(C=C4)Cl)Cl)C,0.83786887
COC1CNCCC1NC(=O)C2=CC(=C(C=C2OC)N)Cl,0.008085574
COC1=C(C=C(C=C1)N2CCCC2=O)CNC3CCCNC3C4=CC=CC=C4,0.5553624
C[C@]12CCC(=O)C=C1CC[C@H]3[C@@H]2[C@H](C[C@]4([C@H]3CC[C@@]4(C(=O)CO)O)C)O,0.092041366
CC1CN(CCN1)C2=NC3=C(C=C2)N=C(C4=CN=CN43)NC5=C(C=CC=C5Cl)C,0.6211245
C1CC1NC2=C3C(=NC(=N2)N)N(C=N3)[C@@H]4C[C@H](C=C4)CO,0.031377558
C1=CC(=C(C=C1F)F)C(CN2C=NC=N2)(CN3C=NC=N3)O,0.011781858
COC1=CC2=C(C=CN=C2C=C1)[C@@H]([C@H]3CC4CCN3C[C@@H]4C=C)O,0.43813294
CC(C)CC1=CC=C(C=C1)C(C)C(=O)O,0.05922084
Fc1cccc(F)c1[NH+]=C2NCCN2,0.0035243891
C1CCN(C1)CCN2C3=C(C=CC(=C3)NC(=O)CC4=CC=C(C=C4)OCC5=CC=CC=C5)C=N2,0.97639096
C1CN(CCC1CNC2=NC=NC=C2)C(=O)OCC3=CC=CC=C3,0.14051564
C1CCC(CC1)NC(=S)N2CCC(CC2)C3=CN=CN3,0.47021025
CCNC(=O)C(C1=CC=CC=C1)C(=O)N,0.0023306126
C1=CC=C(C=C1)C(COC(=O)N)COC(=O)N,0.028093928
CCCC(C)(COC(=O)N)COC(=O)NC,0.004448799
C[C@]12CC([C@H]3[C@H]([C@@H]1CC[C@@]2(C(=O)CO)O)CCC4=CC(=O)C=C[C@]34C)O,0.11483264
C=CC=C,0.0009337161
CC1CCN(CC1)CC[C@H]2CCCN2S(=O)(=O)C3=CC=CC(=C3)O,0.3561174
CC1CC(=CC(=O)C1C(=O)OC)NC2=CC(=CC=C2)OC(F)(F)F,0.3514859
C[N+]1=CC=CC=C1/C=N/O,0.0011911202
C1=CN(C(=N1)[N+](=O)[O-])CCCCCCCCF,0.1408373
CCN1C=C(C(=O)C2=CC(=C(C=C21)N3CCN(CC3)C)F)C(=O)O,0.0126015125
CN1C2=C(C=CC(=C2)C(C3=CC=C(C=C3)Cl)N4C=NC=N4)N=N1,0.25352043
C1C2C3=CC=CC=C3CC4=CC=CC=C4N2C(=N1)N,0.19731191
[Kr],0.00037026033
CCCC(=O)NC1=CC(=C(C=C1)OCC(CNC(C)C)O)C(=O)C,0.03195416
COC1=C(C=C(C=C1)S(=O)(=O)C)CNC2CCCNC2C3=CC=CC=C3,0.22939324
C1=CC(=CC=C1C2=COC3=C(C2=O)C=CC(=C3)O)O,0.24558046
CC(=O)/C=C/C1=CC=CS1,0.008572606
CC(C)NC1=C(N=CC=C1)N2CCNCC2,0.008858599
CCC1(C(=O)NC(=O)NC1=O)CC,0.0020805732
CCOC(=O)C1=C2CN(C(=O)C3=C(N2C=N1)C=CC(=C3)F)CC[18F],0.06075596
C(CCl)Cl,0.0006788782
C1CN(CCC1NC2=CC(=O)OC3=C2C=C(C=C3)Cl)CC4=CC5=C(C=C4)OCC5,0.9317864
CC(=O)OC,0.00041498351
CC1CCN(CC1)C(=O)C2=CC3=C(C=C2)N(C4=C3CN(CC4)CC5CC5)CC=C,0.9245469
CC(C)(C1=CC=C(C=C1)O)C2=CC=C(C=C2)O,0.256855
C1=CC=C(C=C1)CC2=CNC(=C2[N+](=O)[O-])NCCSCC3=CC=CC=N3,0.754717
CCC#CC(C)C1(C(=O)NC(=O)N(C1=O)C)CC=C,0.034417324
CC(=O)[C@H]1CC[C@@H]2[C@@]1(CC[C@H]3[C@H]2CCC4=CC(=O)CC[C@]34C)C,0.2068191
FC1=CC3=C(N2C=NC(C(OC(C)F)=O)=C2CN(C3=O)C)C=C1,0.03464457
CN(C)CC1=CC=C(C=C1)C2=CNC(=O)C3=C2C(=CC=C3)O,0.3852545
COCCCN1CCC(CC1)NC(=O)C2=CC(=C(C3=C2OCC3)N)Cl,0.070435375
CS(=O)(=O)C1=CC=C(C=C1)C2=C(C(=O)OC2)C3=CC=CC=C3,0.19226854
CC1=C(C(=O)N(N1C)C2=CC=CC=C2)I,0.024359645
CC1=C(N=C(C(=N1)C)C)C,0.0011359464
C(C(Cl)Cl)Cl,0.0007952733
C1CC(N(C1)S(=O)(=O)C2=CC3=C(C=C2)C=CN3)CCN4CCC(CC4)OC5=CC=C(C=C5)Cl,0.9774965
C1C2=CN=C(N2C3=C(C=C(C=C3)Cl)C(=N1)C4=CC=CC=C4F)CO,0.49132314
CC(C)(C)OC(=O)C1=C2C3CCCN3C(=O)C4=C(N2C=N1)C=CC=C4Br,0.43129817
CC(C)(C)OC(=O)C1=C2[C@@H]3CCCN3C(=O)C4=C(N2C=N1)C=CC=C4Br,0.43373936
CC(C)(C)OC(=O)C1=C2C3CCCN3C(=O)C4=C(N2C=N1)C=CC(=C4)Br,0.42871004
CC1(NC=C2N1C3=C(C=C(C=C3)Cl)C(=NC2)C4=CC=CC=C4F)O,0.66905165
CCC1(C(=O)NCNC1=O)C2=CC=CC=C2,0.0043014414
CC[C@@]1(C[C@H]2C[C@@](C3=C(CCN(C2)C1)C4=CC=CC=C4N3)(C5=C(C=C6C(=C5)[C@]78CCN9[C@H]7[C@@](C=CC9)([C@H]([C@@]([C@@H]8N6C)(C(=O)OC)O)OC(=O)C)CC)OC)C(=O)OC)O,0.9030501
COC1=C(C2=C(C[C@H]3C4=CC(=C(C=C4CCN3C2)OC)OC)C=C1)OC,0.344907
CC=C,0.000505051
CCCCC(C)C1(C(=O)NC(=O)N(C1=O)C)CC=C,0.04837618
CN1C2CCC1CC(C2)OC(=O)C(CO)C3=CC=CC=C3,0.054470766
CN1[C@@H]2CC[C@H]1CC(C2)OC(=O)C(CO)C3=CC=CC=C3,0.0641281
CCOC1=CC=CC=C1C(=O)N,0.0053388453
CC1=C(C(=O)N(N1C)C2=CC=CC=C2)[18F],0.017914372
CC1=CC(=O)N(N1C)C2=CC=C(C=C2)F,0.018080367
C1C2CNCC1C3=CC=C(C(=O)N3C2)Br,0.0054782233
C1C2CNC(C1C3=CC=CC(=O)N3C2)Br,0.007357756
C1[C@@H]2CNC([C@H]1C3=CC=CC(=O)N3C2)Br,0.012997325
CCNCC1=CC=C(C=C1)C(=O)NC2=NN(C(=C2)C)CC3=C(C=CC(=C3)Cl)OCC(C)C,0.93973505
CO[C@@H](C(N1C(C=CC(C)=C2)=C2N=C1C(C)(O)C)CC3)CN3CC4CC5=CC=C(C#N)C=C5C4,0.9275263
CC1=C(C(=CC=C1)C)NC2=NC=C(N3C2=CN=C3)C4=CC(=CC=C4)OCCN5CCCC5,0.82070494
C1CC(=O)NC(=O)C1N2C(=O)C3=CC=CC=C3C2=O,0.007514677
CC1=CN=C(S1)N=C(N)N,0.001835575
CC1=CSC(=N1)N=C(N)N,0.004011386
CC1=NC=C(N1)C2=CSC(=N2)N=C(N)N,0.0070155845
O,0.00021041534
C1OC2=C(O1)C=C(C=C2)O,0.01928788
C1CCC2=NN=NN2CC1,0.0025949269
CC1=NC=C2N1C3=C(C=C(C=C3)Cl)C(=N[C@@H]2O)C4=CC=CC=C4F,0.44877762
C1CN(CCC1C2=CC=CC=C2)CCCC3=NC4=C(C=CC=C4Cl)C(=O)N3,0.7853204
CCCCO,0.0008387597
C(=C(F)F)Cl,0.000503726
C1CN(CCC1CNC2=CC=CC=N2)C(=O)OCC3=CC=CC=C3,0.3227474
C1CCN(CC1)CC2=CC(=CC=C2)OCCCO,0.25725
CC1=C(C=CC(=C1)F)C2CC(CCN2C(=O)N(C)C(C)C3=CC(=CC(=C3)C(F)(F)F)C(F)(F)F)N4CCN(CC4)C(=O)C,0.9819293
CCC(C)(C)C(=O)O[C@H]1C[C@H](C=C2[C@H]1[C@H]([C@H](C=C2)C)CC[C@@H]3C[C@H](CC(=O)O3)O)C,0.75445765
CCCC(=O)C,0.000787567
CCCN1CN(C2(C1=O)CCN(CC2)CCCC(=O)C3=CC=C(C=C3)F)C4=CC=C(C=C4)Br,0.89852345
CCNC1=C(N=CC=C1)N2CCN(CC2)C(=O)C3=CC4=C(N3)C=CC(=C4)OC,0.58960545
C1=CN(C(=N1)[N+](=O)[O-])CC(CF)O,0.0015772476
C1=CN(C(=N1)[N+](=O)[O-])CC(COCF)O,0.0016589535
C1CNC(=NC1)NCCCNCC2CCC3=CC=CC=C3O2,0.02380791
CC1=NN=C2N1C3=C(C=C(C=C3)Cl)C(=NC2)C4=CC=CC=C4,0.29621428
C,0.000261125
C=CCC(C1=CC=CC=C1C2=NOC3=CC=CC=C32)N,0.5659443
CC12CCC3C(C1CCC2O)CCC4=CC(=O)CCC34C,0.40227938
CCCCCC1=CC(=C2[C@@H]3C=C(CC[C@H]3C(OC2=C1)(C)C)C)O,0.81195605
CCOC(=O)C,0.00057781895
CN1CCC23CCCCC2C1CC4=C3C=C(C=C4)O,0.29650348
CN1CC[C@]23CCCC[C@H]2[C@H]1CC4=C3C=C(C=C4)O,0.1760594
COC(=O)[C@H]1[C@@H](C)CC(=CC1=O)Nc2ccc(Cl)cc2,0.25864178
CC1=C(C(=O)N(N1C)C2=CC=CC=C2)N(C)C,0.028636996
CC1=C2C(=NC=C1)N(C3=C(C=CC=N3)C(=O)N2)C4CC4,0.04070887
C1=CC=C2C(C3=CC=CC=C3C=CC2=C1)C(=O)N,0.08200623
C1CO1,0.00024550594
CCCCCCCC1(C(=O)NC(=O)NC1=O)CC,0.061181307
CO,0.000293847
N#N,0.00025311802
[Ar],0.0003380209
[N-]=[N+]=O,0.00039929617
NN,0.00018811006
CC(C)CCO,0.0014066745
CCC(C)CO,0.0014196209
CCC(CC(=O)N)(C1=CC=CC=C1)O,0.0088633625
C(=C/Cl)\Cl,0.0005567194
CCC1(CNC(=O)NC1=O)CCC(C)C,0.0077565736
CC(C)(C)/[N+](=C\C1=CC=CC=C1)/[O-],0.022138285
CC(C)(C)[N+](=CC1=CC=CC=C1)[O-],0.015082707
CCN(CC)CCOC(=O)C1=CC=C(C=C1)N,0.037296284
CN1CCC(CC1)N2C(=O)C=CC(=N2)C3=C4C=CC=CN4N=C3C5=CC=CC=C5,0.76719546
CN1CN=C2C1C(=O)N(C(=O)N2)C,0.0007402063
CN1C=NC2C1C(=O)N(C(=O)N2)C,0.0005922782
CCC(C)(C)O,0.001249916
C1CN(CCC12C(=O)NCN2C3=CC=C(C=C3)Br)CCCC(=O)C4=CC=C(C=C4)F,0.75662905
CC(C)N1CCC(CC1)COC2=NC(=NC(=C2C(=O)NC)NCC3CCC4(CCC4)CC3)C#N,0.621444
CC12CCN(C1N(C3=C2C=C(C=C3)OC(=O)NC)C)C,0.025203466
Oc1cc(OCCCCOc2ccc(CCC(O)=O)c(OCC)c2)ccc1C(CC(C)C)=O,0.8071802
CC1=C(C(C(=C(N1)C)C(=O)OC(C)C)C2=CC(=CC=C2)[N+](=O)[O-])C(=O)OCCOC,0.629442
C(C(Cl)(Cl)Cl)F,0.0009410062
CCCC1(C(=O)NC(=O)NC1=O)CC,0.0030130348
CCCCCC1(C(=O)NC(=O)NC1=O)CC,0.01468607
CCN(CC)CCCC(=O)C1=CC(=C(C=C1OC)N)Cl,0.106901035
COC1=CC=CC=C1N2CCN(CC2)CCN(C3=CC=CC=N3)C(=O)C4=CC=C(C=C4)F,0.82804763
CN1C(=O)CN=C(C2=C1C=CC(=C2)[N+](=O)[O-])C3=CC=CC=C3F,0.4654581
CN1C=NC2=C1C(=O)N(C(=O)N2)C,0.00055229786
C[C@@]12CCN([C@@H]1N(C3=C2C=C(C=C3)OC(=O)NC)C)C,0.022004362
C1=CC(=C(C=C1O)C(=O)O)[O-],0.004642911
CC(C)(C)C#C/C=C/C[NH+](C)CC1=CC=CC2=CC=CC=C21,0.09138776
COC1=CC2=C(C=CN=C2C=C1)C(C3CC4CCC3CC4C=C)O,0.71080995
C=COCC(F)(F)F,0.00092422374
CC1(CN(C(=O)NC1=O)C)C2=CCCCC2,0.023937251
C[C@@H](C1=CC2=C(C=C1)C=C(C=C2)OC)C(=O)O,0.040595625
C1CCN(CC1)CC2=CC(=CC=C2)OCCCNC3=NC4=CC=CC=C4S3,0.9458381
CC(C)(C)O,0.00080190424
CC1=CC(=NN1C2=CC(=C(C=C2)OC)CNC3CCCNC3C4=CC=CC=C4)C,0.82716036
CN1CC[C@]23[C@@H]4C(=O)CC[C@]2([C@H]1CC5=C3C(=C(C=C5)OC)O4)O,0.02712076
C[N+]1=C2C3C(CCN2C(=O)C4=CC=CC=C41)C5=CC=CC=C5N3,0.02701365
CC1=NC2=C(C=C1)C(=CC=C2)OCCN3CCC(CC3)CC4=CC5=C(C=C4)OCC(=O)N5C,0.9107272
C1C=NC(N1)NC2=C(C=CC=C2Cl)Cl,0.006713958
C(C(F)(F)F)(OC(F)F)F,0.0010988724
C1=C2C=NN(C2=CC(=C1Cl)Cl)CCN,0.051442545
CCCOC(=O)C,0.00096099323
C=COCCCCOC=C,0.0036632053
C(=C/F)\O/C=C/F,0.00063216075
C1CN(CCC1CNC2=CC=NC=C2)C(=O)OCC3=CC=CC=C3,0.49856028
C1CN(CCC1NC2=CC(=O)OC3=C2C=C(C=C3)Cl)C/C=C/C4=CC=CC=C4,0.84785414
CCN(CC)CCNC(=O)C1=CC(=C(C=C1)N)Cl,0.01861817
CC1=CC(=NN1CC2=C(C=CC(=C2)Cl)OCC3=CC=CC=C3)C(=O)NC4=CC=C(C=C4)CNC,0.9779215
C1=CC(=C(C=C1Cl)Cl)OCC(=O)O,0.014947536
CC1=CC(=C(C=C1)C)C,0.020094872
C1CN=C(N1)NC2=C(C=C(C=C2)Cl)Cl,0.038660742
C1CC(=O)N(C1)CCCCN2CCN(CC2)C3=NC=CC(=C3)C(F)(F)F,0.35732722
CCC(C)(C)OC,0.002559983
C1=CC(=CC=C1C(F)(F)F)Cl,0.021305488
CC1=CC(=NN=C1N2CCN(CC2)C3=NC=CC=N3)C4=CC=CC=C4,0.25782833
CCOC1=CC=C(C=C1)C2=NN3C(=C2C4=CC=C(C=C4)S(=O)(=O)C)C=CC=N3,0.6871814
O=S1(c2ccccc2C(N1CCCCN[C@H]3CCc4ccccc4O3)=O)=O,0.6798724
CCCCC1(C(=O)NC(=O)NC1=O)CC,0.0067834733
CN1CCCCC1CCN2C3=CC=CC=C3SC4=C2C=C(C=C4)S(=O)(=O)C,0.6408819
CCCC(C)C1(C(=O)NC(=O)NC1=O)CC=C,0.0141889425
CCC[C@@H](C)C1(C(=O)NC(=O)NC1=O)CC=C,0.013734765
CCCCCO,0.0017588468
CN(C)CC1=CC=CC=C1SC2=C(C=C(C=C2)F)N,0.3485162
CN1CC2=C3C4C(CC(C=C4C1)O)OC3=C(C=C2)OC,0.22877231
C1=CC=C2C(=C1)C(=NN=C2NC3=CC=C(C=C3)Cl)CC4=CC=NC=C4,0.8326707
[C@@H](C(OC(F)F)(F)F)(F)Cl,0.0014546597
[Ne],0.00032692397
CCOC(C)(C)C,0.0019008446
CC1(C2=CC=CC=C2C(S1)(CCCNC)C3=CC=CC=C3)C,0.7358314
CN1CC[C@]23CCCC[C@@H]2[C@H]1CC4=C3C=C(C=C4)OC,0.22903922
C1CCN(CC1)CC2=CC(=CC=C2)OCCCNC3=NC4=CC=CC=C4O3,0.9176957
CN1C2CC(CC1C3C2O3)OC(=O)C(CO)C4=CC=CC=C4,0.024845148
CN1C2CC(CC1C3C2O3)OC(=O)[C@@H](CO)C4=CC=CC=C4,0.017018776
CC1=C(C(=CC=C1)C)NC2=NC=C(N3C2=CN=C3)C4=CC=C(C=C4)OCCN5CCCC5,0.8390832
C1=CC2=C3C(=C1)C=CC4=CC=CC(=C43)C=C2,0.354054
CCCCCCCCC1(C(=O)NC(=O)NC1=O)CC,0.102892086
COC1=C(C=C(C=C1)N2C(=NN=N2)C(F)(F)F)CNC3CCCNC3C4=CC=CC=C4,0.69288677
CCCN(CCC)CCC1=CC2=C(C=C1)NC(=O)C2,0.11028334
C1CN(CCC12C(=O)NCN2C3=CC=CC=C3)CCCC(=O)C4=CC=C(C=C4)F,0.5811347
CCCN1CCOC2C1CCC3=C2C=C(C=C3)O,0.12529214
C(C(F)(F)F)(F)Br,0.00095196377
Nc1c2c(NC(C)C(c3ccccc3)=N2)cc(CC(OCC)=O)n1,0.55658114
CCOC(=O)C1=CC=C(C=C1)N,0.021855924
C(C(F)Br)C(F)(F)F,0.001644219
CCCCOC(=O)C,0.0022140816
CC1CN2C3=C(CN1CC=C(C)C)C=C(C=C3NC2=S)Cl,0.6331469
C1C=NC(C)=C1CC(C2=O)CCc3n(C)c(c4c23)cccc4,0.44105816
C1=CC(=C(C=C1Cl)Cl)/C(=C/N2C=NC=N2)/Cl,0.044218946
CC(C)(C)C1=NC(=CC(=N1)N2CCN(CC2)CCCSC3=NC=CC(=O)N3)C(F)(F)F,0.28111938
CCC(C1=CC=CC=C1)NC(=O)C2=C(C(=NC3=CC=CC=C32)C4=CC=CC=C4)C,0.9196332
CCCN1CC(CC2C1CC3=CNC4=CC=CC2=C34)CSC,0.6256673
CCCN1C[C@@H](C[C@H]2[C@H]1CC3=CNC4=CC=CC2=C34)CSC,0.6638465
CC[C@@H](C1=CC=CC=C1)NC(=O)C2=C(C(=NC3=CC=CC=C32)C4=CC=CC=C4)C,0.923251
CC1=CC(=NN=C1NCCN2CCOCC2)C3=CC=CC=C3,0.11833942
CC1=CC(=NN1CC2=C(C=CC(=C2)Cl)OCC(C)C)NC(=O)C3=CC=C(C=C3)CN4CCCC4,0.9715395
CC1=CN(C=N1)C2=CC=CC(=C2)NC3=NC=NC4=C3CCC5=CC=CC=C54,0.42646313
C(OC(C(F)(F)F)C(F)(F)F)F,0.002135584
C1=CC2=C(C=C1OC(F)(F)F)SC(=N2)N,0.12237716
C=C,0.00026801904
CCCCN1CC2CC3=CC(=C(C=C3C2C1)OC)OC.Cl,0.2172924
CN1CCC23C=CC(CC2OC4=C(C=CC(=C34)C1)OC)O,0.2811353
CN1CC[C@@]23C=C[C@@H](C[C@@H]2OC4=C(C=CC(=C34)C1)OC)O,0.19538471
Cc(n1)sc(c12)cc(OC(C)C)c(c2)CNC(CCCN3)C3c4ccccc4,0.8477526
C1CC(NC1)C2=CN=CC=C2,0.0031511888
CN1CC[C@]23[C@@H]4[C@H]1CC5=C2C(=C(C=C5)OC)O[C@H]3C(=O)CC4,0.051244788
CC1=CN(N=C1)C2CCN(CC2)C3=NC4=CC=CC=C4N3CC5=CC=C(C=C5)F,0.8880886
C1C(C2=CC=CC=C2CN1)O,0.003942297
C1C[C@H](NC1)C2=CN=CC=C2,0.0035510056
C1CN=C(N1)NC2=C(C=CC=C2Br)Br,0.023755994
C(C(Cl)(Cl)Cl)Cl,0.0011637767
CCN(CC)CC(=O)NC1=C(C=CC=C1C)C,0.02381289
C(C(Cl)Br)C(F)(F)F,0.0017980732
FC(F)(F)CCC(Cl)Br,0.002834313
CCCCCCC1(C(=O)NC(=O)NC1=O)CC,0.03165411
CCOC(=O)NC1=NC(=C2C(=C1)NCC(=N2)CN(C)C3=CC=C(C=C3)OC)N,0.5328622
CC(C)(C)OC,0.0014018733
COC1=C(C=C(C=C1)C2=NC=CS2)CNC3CCCNC3C4=CC=CC=C4,0.75681096
CC1=CC=C(C=C1)CN2C3=CC=CC=C3N=C2[C@H]4CNCCO4,0.6967029
CC1=NC(=C2CCN(C2=N1)C3=C(C=C(C=C3)Cl)Cl)N4C=CC(=N4)C(F)(F)F,0.73323596
C1CC(=CC1N2CCC(CC2)C3=CC=CC=C3)C4=NC5=C(C=CC=C5Cl)C(=O)N4,0.926486
CNC(=O)C1=C(N=C(N=C1OCC2CCN(CC2)C)C#N)NCC3CCC4(CCC4)CC3,0.39976424
COC1=CC=CC=C1CNC2C3CCN(C2C(C4=CC=CC=C4)C5=CC=CC=C5)CC3,0.94200754
C(=C(Cl)Cl)(Cl)Cl,0.0008812066
CC(C)(C)NCC(COC1=CC=CC=C1C#N)O,0.010501221
Clc1ccc(Cl)c(c1)[NH+]=C2NCCN2,0.013986269
C1CCN(CC1)CCN2C(=O)C=CC(=N2)C3=C4C=CC=CN4N=C3C5=CC=CC=C5,0.9426508
CC(C)NCC(COC1=CC=C(C=C1)CCOCC2CC2)O,0.26582485
COC1=CC2=C(C(=C1)CNC3CCCNC3C4=CC=CC=C4)OCC2,0.46045494
C1C2C(CN1)C3=C(C=CC(=C3)Cl)OC4=CC=CC=C24,0.41287103
[H]C12c3cc(Cl)ccc3Oc4ccccc4C1([H])CNCC2,0.4387184
C1C[C@H](CNC1)C2=NC3=CC=CC=C3N2CC4=CC=C(C=C4)F,0.6320406
FS(F)(F)(F)(F)F,0.0008975201
CC1=CC=CC=C1C,0.012782717
CC(C)OC(=O)C,0.0010288305
O=C1CCC2=C(CC(C)C3C2CCC4C3CCC4(O)C#C)C1,0.34152976
CC1CC2=C(CCC(=O)C2)C3C1C4CCC(C4(CC3)C)(C#C)O,0.38116786
C[C@@H]1CC2=C(CCC(=O)C2)[C@@H]3[C@@H]1[C@@H]4CC[C@]([C@]4(CC3)C)(C#C)O,0.15345009
CCCCCOC(=O)C,0.0050039226
CC(C)OC1=C(C=C(C=C1)OC(F)(F)F)CNC2CCCNC2C3=CC=CC=C3,0.8362411
C[C@@H]1CN(C[C@@H](N1)C)C2=C(C(=C3C(=C2F)N(C=C(C3=O)C(=O)O)C4CC4)N)F,0.03908664
C1CN=C(N1)NC2=C(C=C(C=C2Cl)Br)Cl,0.037320226
CCCCOC(=O)C1=CC=C(C=C1)N,0.11189909
COC1=CC(=C(C=C1)C=C2CCCN=C2C3=CN=CC=C3)OC,0.38940793
CC(C)(C)C1=CC=CC=C1,0.04021225
CN(C)C1=C2C3=C(C(=O)N(C=N3)N4CCCCCC4)SC2=NC=C1,0.86084306
CN1CCC[C@H](C1)C2=NC3=CC=CC=C3N2CC4=CC=C(C=C4)F,0.7947887
C1=CC(=C(C=C1C(=O)NC2=CN=C(C=C2)Cl)F)F,0.13500977
C1CCN(CC1)CC2=CC(=CC=C2)OCCCNC3=NC=CS3,0.7475161
CC(C)COC(=O)C,0.0012966021
C=CC1=CC=CC=C1,0.00582504
CCC(=O)OC(CC1=CC=CC=C1)(C2=CC=CC=C2)[C@H](C)CN(C)C,0.79992414
CN1CN(C2(C1=O)CCN(CC2)CCCC(=O)C3=CC=C(C=C3)F)C4=CC=CC=C4,0.6330722
CC(C)(C)C1=CC(=C(C=C1)OC)CNC2C3CCN(C2C(C4=CC=CC=C4)C5=CC=CC=C5)CC3,0.98876935
C1CN=C(N1)NC2=C(C=C(C=C2Cl)Cl)Cl,0.026573434
CCC(C)N(C)C(=O)C1=CC2=CC=CC=C2C(=N1)C3=CC=CC=C3Cl,0.74219567
CC1=NC2=C(S1)C=C(C(=C2)CNC3CCCNC3C4=CC=CC=C4)OC,0.6038781
CC(C)C1=CC(=C(C=C1)OC)CNC2C3CCN(C2C(C4=CC=CC=C4)C5=CC=CC=C5)CC3,0.9838239
CCN(CC)CC1=CC2=C(CC(CC2)N3CCN(CC3=O)CCC4=CC=C(C=C4)F)C=C1,0.92660654
C1CN(CCN1)C2=C(C=CC3=C2C=CN3S(=O)(=O)C4=CC(=CC=C4)Cl)Cl,0.769477
C1=CC=C2C(=C1)C3=C(N2)C=NC=C3,0.028334733
CCC1=C(C(=NC(=N1)N)N)C2=CC=C(C=C2)Cl,0.06540416
CC1=NC2=C(O1)C=C(C(=C2)CNC3CCCNC3C4=CC=CC=C4)OC,0.32624853
CN1CCN2C(C1)C3=CC=CC=C3CC4=C2N=CC=C4,0.15764935
CN(C)CCN(CC1=CC=C(C=C1)OC)C2=CC=CC=N2,0.13243863
C1C(=O)NC2=C(C(=CC=C2)Cl)C(=N1)C3=CC=CC=C3,0.2703953
CCCCCCCCC,0.0315696
CC1=C2C(=CC=C1)C3CNCCC3(C4=CC=CC=C4O2)O,0.25503162
C1CNCC([C@@H]1C2=CC=C(C=C2)F)COC3=CC4=C(C=C3)OCO4,0.52400696
CNCCCN1C2=C(CCC3=CC=CC=C31)C=C(C=C2)O,0.45188957
CCCOC(=O)C1=CC=C(C=C1)N,0.047032844
FCCC2=CC(N)=C(C=C2)SC1=CC=CC=C1N(C)C,0.5981582
CC(C)CCOC(=O)C,0.0035172186
CN1CC[C@]23[C@@H]4[C@H]1CC5=C2C(=C(C=C5)OC)O[C@H]3[C@H](CC4)O,0.08315046
CC(C)Br,0.0010185177
C1CC(CCC1CCN2CCC3=C(C2)C=CC(=C3)C#N)NC(=O)C4=CC=NC5=CC=CC=C45,0.9323071
C1CNCC2=CC=CC=C21,0.0046943333
C[C@H](CC1=CC=CC=C1)N(C)CC#C,0.047644474
COC1=CC2=C(C=C1)NN=C2NC3CCN(CC3)CC4=CC5=C(C=C4)OCO5,0.6329845
CC1=CC(=O)N(C=C1)CCCCN2CCN(CC2)C3=NC(=NC(=C3)C(F)(F)F)C(C)(C)C,0.8658396
CC3=NN=C4CN=C(C2CC(CCC2N34)Cl)C1=CC=CC=C1Cl,0.27498963
C1CC2=C(C=CC(=C2)F)OC1C(CNCC(C3CCC4=C(O3)C=CC(=C4)F)O)O,0.75242525
C1CN=C(N1)NC2=C(C=C(C=C2Br)Br)Br,0.063954294
CC(CF)NC[C@@H](COC1=CC=CC2=C1C3=CC=CC=C3N2)O,0.38540477
C1=CC=C(C=C1)C2=NC(C(=O)NC3=C2C=C(C=C3)Cl)O,0.27848685
CNCCCN1C2=CC=CC=C2SC3=CC=CC=C31,0.45588025
CN1C2CCC1C(C(C2)OC(=O)C3=CC=CC=C3)C(=O)OC,0.119580425
CC1C2=C(C=CC=C2Cl)NC(=NCC(F)F)N1,0.14618696
CCC12CCN(C(C1(C)C)CC3=C2C=C(C=C3)O)CC4(CC4)O,0.62253207
CCCCC1CCN(CC1)CCCN2C(=O)CCC3=CC=CC=C32,0.6557315
CN1C2CCC1[C@H]([C@H](C2)OC(=O)C3=CC=CC=C3)C(=O)OC,0.11188354
C1CN(CCN1)C2=NC3=CC=CC=C3OC4=C2C=C(C=C4)Cl,0.3891225
C(=S)=S,0.0014338456
C1CN(CCN1)C2=NC=CC=N2,0.001250862
CC(C)(C)C1CCCCC1,0.06787489
Clc1ccc(N2)c(C(C)=NC(O)C2=O)c1,0.02164054
COC1=C(C=C(C=C1)C2CC(=O)NC2)OC3CCCC3,0.207745
COC1=CC2=C(C=C1CNC3CCCNC3C4=CC=CC=C4)N=C(S2)C5CC5,0.87265617
CN(C)CC(C1=CC=C(C=C1)OC)C2(CCCCC2)O,0.2748705
COC1=C(C=C(C=C1)OC(F)(F)F)CNC2CCCNC2C3=CC=CC=C3,0.63279533
C1CCNC(C1)C(C2=CC(=NC3=C2C=CC=C3C(F)(F)F)C(F)(F)F)O,0.6506651
CCC(C)Nc1c(I)ccc(c1)NC(C)CC,0.56229687
CC(C1=CC=CC=C1)(C2=CC=CC=N2)OCCN(C)C,0.105218545
C[C@](C1=CC=CC=C1)(C2=CC=CC=N2)OCCN(C)C,0.061378956
C1CN(CCN1CC2=C3C=CC=CN3N=C2)C4=CC=C(C=C4)Cl,0.64245594
CCC1=C(C(=NC(=N1)N)N)C2=CC(=C(C=C2)Cl)Cl,0.26602235
CCCCCCCCCC,0.040663462
CCCCCCCC,0.023096435
C1CCN(CC1)CC2=CC(=CC=C2)OCCCNC3=CC=CC=N3,0.6519106
C1CC2=CC=CC=C2NC1,0.011349691
CNC(=O)C1=C(N=C(N=C1OCCO)C#N)NCC2CCC3(CCC3)CC2,0.37326473
C1CN(CCN1CCCN2C3=CC=CC=C3SC4=C2C=C(C=C4)Cl)CCO,0.85730636
C1CN(CCN1CCOCCO)C2=NC3=CC=CC=C3SC4=CC=CC=C42,0.6093791
CCCCCCC=C,0.012773111
COC1=CC=CC(=C1)CC2CCN(CC2)C3CCC(CC3)(C4=CC5=C(C=C4)OCO5)OC,0.9657291
CC1=NC=C2N1C3=C(C=C(C=C3)Cl)C(=NC2)C4=CC=CC=C4Cl,0.5023821
CSC1=CC2=C(C=C1)SC3=CC=CC=C3N2CCC4CCCNC4,0.88186723
C1CO[C@H](CN1)C2=NC3=CC=CC=C3N2CC4=CC=C(C=C4)F,0.5449896
CC1=CC2=C(NC3=CC=CC=C3N=C2S1)N4CCN(CC4)C,0.573485
CN(C1CCN(CC1)CC(COC2=CC=C(C=C2)F)O)C3=NC4=CC=CC=C4S3,0.9385475
COC1=C(C=CC(=C1)N2C=NC3=C(C2=O)SC(=C3)C4=CC=C(C=C4)Cl)OCCN5CCCC5,0.9653848
COCCCC/C(=N/OCCN)/C1=CC=C(C=C1)C(F)(F)F,0.27601776
COCCCC/C(=N\OCCN)/C1=CC=C(C=C1)C(F)(F)F,0.3359744
COCCCCC(=NOCCN)C1=CC=C(C=C1)C(F)(F)F,0.3281916
CSC1=CC2=C(C=C1)SC3=CC=CC=C3N2CCC4CCCCN4,0.87865764
CN1CCN(CC1)C2=NC3=CC=CC=C3OC4=C2C=C(C=C4)Cl,0.5731564
CCC1=CC=C(C=C1)C2=CC=C(C=C2)C(=O)N(C)C3CCN(C3)C(=O)N4CCC(C4)N5CCCCC5,0.8996612
CC1=C(C(=NC(=N1)N)N)C2=CC(=C(C=C2)Cl)Cl,0.17780189
C1[C@@H]([C@H]1N)C2=CC=C(C=C2)F,0.025963897
CC1=C2C(=CC=C1)C3CN(CCC3(C4=CC=CC=C4O2)O)C,0.37945995
CC1=C2C(=CC=C1)[C@@H]3CN(CC[C@@]3(C4=CC=CC=C4O2)O)C,0.3582593
CCCC(=O)C1=CC2=C(C=C1)SC3=CC=CC=C3N2CCCN4CCN(CC4)C,0.92173594
CC1CCN(CC1)CCCC(=O)C2=CC=C(C=C2)F,0.26875567
C1CN(CCC1NC2=NNC3=C2C=C(C=C3)Cl)CC4=CC5=C(C=C4)OCO5,0.70463526
CCOC(=O)C1(CCN(CC1)C)C2=CC=CC=C2,0.03251625
C1CCN(CC1)CCC(C2CC3CC2C=C3)(C4=CC=CC=C4)O,0.72363615
CC(C)(C)C1=NC2=C(S1)C=C(C(=C2)CNC3CCCNC3C4=CC=CC=C4)OC,0.94146985
CCCCCCCC=C,0.020353548
CCCCC(C)C,0.010668282
COC1=CC=CC=C1CNC2CCCNC2C3=CC=CC=C3,0.3267893
CCN(C)C(=O)OC1=CC=CC(=C1)C(C)N(C)C,0.016045813
CCN(C)C(=O)OC1=CC=CC(=C1)[C@H](C)N(C)C,0.008035171
C1CC(C(NC1)C2=CC=CC=C2)NCC3=C(C=CC(=C3)OC(F)(F)F)OC(F)F,0.73504966
C1CS[C@H](CN1)C2=NC3=CC=CC=C3N2CC4=CC=C(C=C4)F,0.6258242
CCCC(C)CC,0.0114033315
CC[CH]C(=C)CC,0.0030541676
CC1CCCC1,0.008519858
CCN(CC)CCNC(=O)C1=CC(=C(C=C1OC)N)Cl,0.025142938
CC(C)(C)C1=CC(=CC(=C1O)C(C)(C)C)CN2CCN(CC2)CC(C3=CC=C(C=C3)Cl)O,0.9518385
CC/C(=C(/C1=CC=CC=C1)\C2=CC=C(C=C2)OCCN(C)C)/C3=CC=CC=C3,0.89305365
CCC(=C(C1=CC=CC=C1)C2=CC=C(C=C2)OCCN(C)C)C3=CC=CC=C3,0.9047171
CC(C)C1=CC(=C(C=C1)OC)CNC2CCCNC2C3=CC=CC=C3,0.7328485
CC(CC1=CC=CC=C1)N,0.009923591
C[C@@H](CC1=CC=CC=C1)NC,0.012119167
CCCCCCCCC=C,0.028849736
CC(C)(C)C1=CC(=C(C=C1)OC(F)(F)F)CNC2CCCNC2C3=CC=CC=C3,0.8937346
CC1CCCCC1,0.016308025
C1=CC=C2C(=C1)N(C3=C(S2)C=CC(=C3)Cl)CCCN,0.5684203
CC(C)(C)C1=CC(=C(C=C1)OC)CNC2CCCNC2C3=CC=CC=C3,0.8504585
C1CCN(CC1)CC2=CC(=C(C=C2)I)CN3CCCCC3,0.37418312
CC(CN1C2=CC=CC=C2CCC3=CC=CC=C31)CN(C)C,0.5913143
CN1CCN2C(C1)C3=CC=CC=C3CC4=CC=CC=C42,0.464358
CCCC(C)C,0.006083686
CC(C)(C)OC(=O)CCCC1=CC=C(C=C1)N(CCCl)CCCl,0.48330212
CCC(C)(C)C,0.00577294
CCC(C)CC,0.00748877
CN(C)CC/C=C/1\C2=CC=CC=C2COC3=CC=CC=C31,0.44848853
CN(C)CCC=C1C2=CC=CC=C2COC3=CC=CC=C31,0.4783373
CC12CCN(C1N(C3=C2C=C(C=C3)OC(=O)NC4=CC=CC=C4)C)C,0.36459726
C1CN(CCC1S(=O)(=O)C2=CC=C(C=C2)C#N)CCC3=C(C=C(C=C3)F)F,0.7618029
CCCCCCN1CCN(CC1)C2=CC=C(C=C2)I,0.5973697
CC1CCC(C(C1)C)C,0.04342715
CN1CC2C(C1)C3=C(C=CC(=C3)Cl)OC4=CC=CC=C24,0.51306176
CN1CCC2(O)c3ccccc3Oc4ccc(Cl)cc4C2([H])C1,0.43944925
CNCCC=C1C2=CC=CC=C2CCC3=CC=CC=C31,0.4825279
COC1=C(C=C(C=C1)Cl)[C@]2(C3=C(C=C(C=C3)C(F)(F)F)NC2=O)F,0.47074446
CCCCCCCC(C)C,0.045030855
CN(C)CCC=C1C2=CC=CC=C2C=CC3=CC=CC=C31,0.44974127
CC1CCCCC1C,0.029045409
CCC1=CC=C(C=C1)C(=O)C(C)CN2CCCC2,0.3319106
CC(CC1CCCCC1)NC,0.029443512
C[C@H](CC1CCCCC1)NC,0.02485972
COC1=CC=C(C=C1)CCN2CCC(CC2)NC3=NC4=CC=CC=C4N3CC5=CC=C(C=C5)F,0.9810589
CC12C3=CC=CC=C3CC(N1)C4=CC=CC=C24,0.3019246
C1CN(CCC1COC2=CC=C(C=C2)C#N)C/C=C/I,0.23685923
C1CN(CCC1COC2=CC=C(C=C2)C#N)CC=CI,0.2554842
C1CCNC2=C(C1)C=CC(=C2)C(=O)CCC3CCN(CC3)CC4=CC=CC=C4,0.9268069
CC(C)NCC(COC1=CC=C(C=C1)CCOC)O,0.042459436
CCC1=CC(=CC=C1)NC(=NC2=CC=CC(=C2)CC)C,0.5576034
COC1=CC2=C(C=C1CNC3CCCNC3C4=CC=CC=C4)N=C(S2)C5=CC=CC=C5,0.9730158
C1CN(CCC1(C2=CC=C(C=C2)Cl)O)CCCC(=O)C3=CC=C(C=C3)F,0.7629367
CC(CN1C2=CC=CC=C2SC3=CC=CC=C31)N(C)C,0.5105431
CNCCCC12CCC(C3=CC=CC=C31)C4=CC=CC=C24,0.6259211
CNCCCN1C2=CC=CC=C2SC3=C1C(=CC=C3)Cl,0.5721639
CC(C)CN1CCN(CC1)C2=CC=C(C=C2)I,0.4529643
CCC(C)N1CCN(CC1)C2=CC=C(C=C2)I,0.27169997
C1CN(CCC1(C2=CC=C(C=C2)Br)O)CCCC(=O)C3=CC=C(C=C3)F,0.736884
C1(Br)C=CC(C2(O)CCN(CCC(=O)C3C=CC(F)=CC=3)CC2)=CC=1,0.6715815
C[NH+]1CC[NH+](CC1)CCCN2C3=CC=CC=C3SC4=C2C=C(C=C4)C(F)(F)F,0.0444481
CC(C(=O)C1=CC(=CC=C1)Cl)NC(C)(C)C,0.05521539
CC1CCN(CC1)CCCN2C3=CC=CC=C3SC4=C2C=C(C=C4)C(F)(F)F,0.94125855
CN(C)CCCN1C2=CC=CC=C2SC3=C1C=C(C=C3)C(F)(F)F,0.70963657
CN1CCN(CC1)CCCn1c2ccccc2sc2cccc(C(F)(F)F)c12,0.89701617
C1CN(CCN1CCCN2C3=CC=CC=C3SC4=C2C=C(C=C4)C(F)(F)F)CCO,0.9138767
CNC1CCC(C2=CC=CC=C12)C3=CC(=C(C=C3)Cl)Cl,0.6729418
C1CN(CCN1)C2=NC(=C(C=C2)C(F)(F)F)Cl,0.033868834
C[C@@H]1OC[C@@H]2[C@@H](O1)[C@@H]([C@H]([C@@H](O2)O[C@H]3[C@H]4COC(=O)[C@@H]4[C@@H](C5=CC6=C(C=C35)OCO6)C7=CC(=C(C(=C7)OC)O)OC)O)O,0.43049842
CC(=O)N1CCN(CC1)C2=CC=C(C=C2)OC[C@H]3CO[C@](O3)(CN4C=CN=C4)C5=C(C=C(C=C5)Cl)Cl,0.9771794
CC(C)(C)/[N+](=C/C1=CC=CC=C1)/[O-],0.008259448
C([C@H]([C@H]([C@@H]([C@@H](CO)O)O)O)O)O,0.0024779455
CN=C(NC#N)NC1=CC=CC(=C1)C2=CSC(=N2)N=C(N)N,0.051615912
CCC1=C2C(=CC=C1)C3=C(N2)C(OCC3)(CC)CC(=O)O,0.23278165
CC1=C(N=CN1)CSCCNC(=NC)NC#N,0.007893694
C1CC(OC1CO)N2C=NC3=C2N=CNC3=O,0.001895936
CC(C)(C)NCC(C1=CC(=C(C=C1)O)CO)O,0.0036938668
C1=CC=C(C=C1)C2=CSC(=N2)CCN,0.12312023
C1C2=NN=C(N2C3=C(C=C(C=C3)Cl)C(=N1)C4=CC=CC=C4)CO,0.2809237
CC1C(C(CC(O1)OC2C(OC(CC2O)OC3C(OC(CC3O)OC4CCC5(C(C4)CCC6C5CC(C7(C6(CCC7C8=CC(=O)OC8)O)C)O)C)C)C)O)O,0.9401331
C1CC(OC1CO)N2C=CC(=NC2=O)N,0.0016610604
C1C[C@@H](O[C@@H]1CO)N2C=CC(=NC2=O)N,0.0027414295
CN(C)CC1=CC=C(O1)CSCCNC2=C(C=CN2)[N+](=O)[O-],0.24713631
C1=CC=C(C(=C1)C(=O)O)O,0.0037019602
CCN1C=C(C(=O)C2=CC(=C(C=C21)N3CCNCC3)F)C(=O)O,0.0050866688
CC(C)(C)NC(=O)C1CC2CCCCC2CN1CC(C(CC3=CC=CC=C3)NC(=O)C(CC(=O)N)NC(=O)C4=NC5=CC=CC=C5C=C4)O,0.94561404
CCC1(CC2CC(C3=C(CC[NH+](C2)C1)C4=CC=CC=C4N3)(C5=C(C=C6C(=C5)C78CC[NH+]9C7C(C=CC9)(C(C(C8N6C=O)(C(=O)OC)O)OC(=O)C)CC)OC)C(=O)OC)O,0.020682199
CC(C)(C1=CC=C(C=C1)C(CCCN2CCC(CC2)C(C3=CC=CC=C3)(C4=CC=CC=C4)O)O)C(=O)O,0.371143
CC(C)(C)NC(=O)[C@@H]1C[C@@H]2CCCC[C@@H]2CN1C[C@H]([C@H](CC3=CC=CC=C3)NC(=O)[C@H](CC(=O)N)NC(=O)C4=NC5=CC=CC=C5C=C4)O,0.95397645
CC(C)NCC(COC1=CC=C(C=C1)CC(=O)N)O,0.0037053607
CC1=CN(C(=O)NC1=O)[C@H]2C[C@@H]([C@H](O2)CO)F,0.004595567
C1CN(CCC1N2C3=C(C=C(C=C3)Cl)NC2=O)CCCN4C5=CC=CC=C5NC4=O,0.5824537
C1=NC2=C(N1COCCO)NC(=NC2=O)N,0.00019472236
CC1=CN(C(=O)NC1=O)C2CC(C(O2)CO)N=[N+]=[N-],0.0013115406
CC1=CN(C(=O)NC1=O)[C@H]2C[C@@H]([C@H](O2)CO)N=[N+]=[N-],0.0023059393
CC(C)C(CCCN(C)CCC1=CC(=C(C=C1)OC)OC)(C#N)C2=CC(=C(C=C2)OC)OC,0.86916083
CC1=C(C(=O)N2CCCC(C2=N1)O)CCN3CCC(CC3)C4=NOC5=C4C=CC(=C5)F,0.4190691
CC(=O)OC1=CC=CC=C1C(=O)[O-],0.0029838216
CC1=CC=C(C=C1)C2=C(N3C=C(C=CC3=N2)C)CC(=O)N(C)C,0.2729702
CNS(=O)(=O)CCC1=CC2=C(C=C1)NC=C2C3CCN(CC3)C,0.04111458
CCCN(CCC)CCC1=C2CC(=O)NC2=C(C=C1)O,0.08164082
CNS(=O)(=O)CC1=CC2=C(C=C1)NC=C2CCN(C)C,0.026034573
CC(C)(C)NCC(COC1=CC=CC2=C1CCC(=O)N2)O,0.009581929
CN1CCCCC1CCN2C3=CC=CC=C3SC4=C2C=C(C=C4)S(=O)C,0.74053895
CC(C)(C)/[N+](=C\C1=CC=[N+](C=C1)[O-])/[O-],0.0062107462
CC(=O)NC1=CC=C(C=C1)O,0.016085153
CNCCC1=CC=CC=N1,0.00038717416
CN1C2=C(C(=O)N(C1=O)C)NC=N2,0.0016528808
C(Cl)Cl,0.00065772806
CN1CC[C@]23[C@@H]4[C@H]1CC5=C2C(=C(C=C5)O)O[C@H]3[C@H](C=C4)O,0.041515525
CCC1(CC(=O)NC1=O)C,0.0008529417
CC1=NC=C2N1C3=C(C=C(C=C3)Cl)C(=NC2O)C4=CC=CC=C4F,0.45570794
CCOC(=O)N1CCC(=C2C3=C(CCC4=C2N=CC=C4)C=C(C=C3)Cl)CC1,0.6998271
CC1C(=O)NC2(CCCC2)C(=O)N1,0.0049108593
CCCC(CCC)C(=O)O,0.0019599728
CN1CCC23C4C1CC5=C2C(=C(C=C5)O)OC3C(C=C4)O,0.08002965
COC1=CC2=C(C=CN=C2C=C1)C(C3CC4CCN3CC4C=C)O,0.514424
CCC1(C(=O)NC(=O)NC1=O)C,0.0014320526
CC(C)(C)C1=CC2=NN=C(N2N=C1OCC3=NC=NN3C)C4=C(C=CC(=C4)F)F,0.23816034
C1CN(CCN1CCCN2C(=O)N3C=CC=CC3=N2)C4=CC(=CC=C4)Cl,0.5396217
CCO,0.00046025758
C1CCC(CC1)(CC(=O)O)CN,0.010284881
CC(C)CO,0.0008505572
CCCO,0.0005116686
C[C@@H]1C[C@H]2[C@@H]3CCC4=CC(=O)C=C[C@@]4([C@]3([C@H](C[C@@]2([C@]1(C(=O)CO)O)C)O)F)C,0.13462318
CCCC(C)(COC(=O)N)COC(=O)N,0.0033364643
CC(=O)C,0.00041648513
C1CN(CCN1C2=NN=C(C(=C2)C3=CC=NC=C3)C4=CC=CC=C4)C5=NC=CC=N5,0.6755611
C(=O)(N)N,0.00016438625
C(=C\Cl)\Cl,0.0004104848
CCC1(C(=O)NC(=O)NC1=O)C2=CC=CC=C2,0.007711227
CCC1(CC2CC(C3=C(CCN(C2)C1)C4=CC=CC=C4N3)(C5=C(C=C6C(=C5)C78CCN9C7C(C=CC9)(C(C(C8N6C)(C(=O)OC)O)OC(=O)C)CC)OC)C(=O)OC)O,0.8945484
C1=CC=C(C=C1)C2(C(=O)NC(=O)N2)C3=CC=CC=C3,0.018611554
CCCC(C)C1(C(=O)NC(=S)NC1=O)CC,0.022969937
CC1=CC(=O)N(N1C)C2=CC=CC=C2,0.012431012
CC(C)O,0.00061799877
CCC(=O)C,0.0006164316
CC(C)NCC(COC1=CC=CC2=C1C=CN2)O,0.0326036
C1=CC=C2C(=C1)C=CC3=CC=CC=C3N2C(=O)N,0.093229786
CN1C=NC2=C1C(=O)N(C(=O)N2C)C,0.0012621278
CC1(O[C@@H]2CO[C@@]3([C@H]([C@@H]2O1)OC(O3)(C)C)COS(=O)(=O)N)C,0.0014467018
CC[C@H](C)C(=O)O[C@H]1C[C@H](C=C2[C@H]1[C@H]([C@H](C=C2)C)CC[C@@H]3C[C@H](CC(=O)O3)O)C,0.7070235
CC[C@@H](C(=O)N)N1CCCC1=O,0.0010188731
ClC1=CC=CC(OC2CCN(CCC3CCCN3S(=O)(=O)C3=CC4=C(C=CN4)C=C3)CC2)=C1,0.9779423
CC(C)(C)C1=CN=C(O1)CSC2=CN=C(S2)NC(=O)C3CCNCC3,0.34183925
CC1=C(C(=O)N2CCCCC2=N1)CCN3CCC(CC3)C4=NOC5=C4C=CC(=C5)F,0.49789724
CCOCC,0.0007818293
CN1CC[C@@]23CCCC[C@@H]2[C@@H]1CC4=C3C=C(C=C4)OC,0.28038758
CCCCNC(=S)NC1=CC=CC=C1,0.06859143
[Xe],0.00070357055
CCC1(C(=O)NC(=O)NC1=O)CCC(C)C,0.009387718
CC(C)(C)C#CC=CCN(C)CC1=CC=CC2=CC=CC=C21,0.50506616
CC1(C(=O)NC(=O)N(C1=O)C)C2=CCCCC2,0.033064328
C1CC1,0.0015291469
C=COC=C,0.0007177663
CCCC(C)C1(C(=O)NC(=O)NC1=O)CC,0.010384939
C1CN=C(N1)NC2=C(C=CC=C2Cl)Cl,0.018397305
C1=CC(=C(C=C1C2=NC3=C(S2)C=C(C=C3)O)I)N,0.448456
CCCN(CCC)CCC1=C2CC(=O)NC2=CC=C1,0.12633033
CN1CCCCC1CCN2C3=CC=CC=C3SC4=C2C=C(C=C4)SC,0.8664118
COC(C(Cl)Cl)(F)F,0.00077311654
CCC1=CC=CC=C1,0.009270755
CC1=CC(=CC=C1)C,0.012171971
C(C(OC(F)F)(F)F)(F)Cl,0.0014558557
CN1CCCC1C2=CN=CC=C2,0.0028755127
CCCBr,0.00066749786
CC1=CC(=CC=C1)OCC(CNC(C)C)O,0.034101088
C(=C(Cl)Cl)Cl,0.0006339493
C(C(F)(F)F)(Cl)Br,0.0010496331
C(Cl)(Cl)Cl,0.0006136864
CN1C(=O)CC(=O)N(C2=C1C=CC(=C2)Cl)C3=CC=CC=C3,0.32609135
CC(Cl)(Cl)Cl,0.00072047143
C1C(=O)NC2=C(C=C(C=C2)Cl)N(C1=O)C3=CC=CC=C3,0.31496534
OCCOCC[NH+]1CC[NH+](CC1)C(c2ccccc2)c3ccc(Cl)cc3,0.04465378
C1=CC=CC=C1,0.002334415
CC1=CC=CC=C1,0.005827413
CC1=CC=C(C=C1)C,0.0148726385
CC1=NC=C2N1C3=C(C=C(C=C3)Cl)C(=NC2)C4=CC=CC=C4F,0.363505
C1CCC(CC1)(C2=CC=CC=C2)N3CCCCC3,0.51157755
C(C(F)(F)F)(OC(F)F)Cl,0.0012629202
C1=CC=C(C(=C1)C2=NC(C(=O)NC3=C2C=C(C=C3)Cl)O)Cl,0.41642985
C1=CC(=C(C(=C1)Cl)Cl)C2=C(N=C(N=N2)N)N,0.097003795
CN1C(=O)CN=C(C2=C1C=CC(=C2)Cl)C3=CC=CC=C3,0.28315645
C1CCC2(C1)CC(=O)N(C(=O)C2)CCCCN3CCN(CC3)C4=NC=CC=N4,0.3424661
C1C(=O)NC2=C(C=C(C=C2)Cl)C(=N1)C3=CC=CC=C3,0.2576887
CC1C2CC3=C(C1(CCN2CC=C(C)C)C)C=C(C=C3)O,0.5446579
CN1CCC23C4C1CC5=C2C(=C(C=C5)OC)OC3C(C=C4)O,0.23052418
CCC(=O)N(C1CCN(CC1)CCC2=CC=CC=C2)C3=CC=CC=C3,0.6030642
CN1CC[C@]23[C@@H]4[C@H]1CC5=C2C(=C(C=C5)OC)O[C@H]3[C@H](C=C4)O,0.07733883
CC(C)NCC(COC1=CC=CC2=CC=CC=C21)O,0.09155007
CC(C)(C)N1CCC(CC1)(C2=CC=CC=C2)C3=CC=CC=C3,0.7067664
CC1C2=CC=CC=C2CCN1C3=NC(=NC(=C3C)C)NC4=CC=C(C=C4)F,0.9102739
CC(C)C1=C(C(=CC=C1)C(C)C)O,0.1038748
CN(C)C[C@H]1CCCC[C@@]1(C2=CC(=CC=C2)OC)O,0.16740853
CC1=NN=C2N1C3=C(C=C(C=C3)Cl)C(=NC2)C4=CC=CC=C4Cl,0.43227345
CNCCC(C1=CC=CC=C1)OC2=CC=C(C=C2)C(F)(F)F,0.5293163
CN(C)C(=O)C(CCN1CCC(CC1)(C2=CC=C(C=C2)Cl)O)(C3=CC=CC=C3)C4=CC=CC=C4,0.8058015
CC1=CC2=C(S1)NC3=CC=CC=C3N=C2N4CCN(CC4)C,0.6116715
CCCCCCC,0.015074459
CCCCC,0.004751225
CCCCCC,0.00895946
CN(C)CCCN1C2=CC=CC=C2CCC3=CC=CC=C31,0.5181886
CCCCCC(C)C,0.020644585
COC(=O)C(C1CCCCN1)C2=CC=CC=C2,0.04711365
COC1=C(C=C2C(=C1)CC(C2=O)CC3CCN(CC3)CC4=CC=CC=C4)OC,0.9000739
CCC(=O)C(CC(C)N(C)C)(C1=CC=CC=C1)C2=CC=CC=C2,0.38588172
CN(C)CCC=C1C2=CC=CC=C2CCC3=CC=CC=C31,0.5320177
C1CCCCC1,0.013535492
CC(CC1=CC=CC=C1)NC,0.01295875
CC/C(=C(\C1=CC=CC=C1)/C2=CC=C(C=C2)OCCN(C)C)/C3=CC=CC=C3,0.94003993
CCCCCCC(C)C,0.033206563
CN(C)CCCC1(C2=C(CO1)C=C(C=C2)C#N)C3=CC=C(C=C3)F,0.48191744
C[C@@]12CCN([C@@H]1N(C3=C2C=C(C=C3)OC(=O)NC4=CC=CC=C4)C)C,0.34393165
C[NH+](C)CCCN1C2=CC=CC=C2SC3=C1C=C(C=C3)Cl,0.4883995
[NH3+]CCCN1c2ccccc2CCc3ccccc13,0.2764285
C[NH2+]CCCN1C2=CC=CC=C2CCC3=CC=CC=C31,0.4728763
CN(C)CCCN1C2=CC=CC=C2SC3=CC=CC=C31,0.47579724
CN(C)CCOC(C1=CC=CC=C1)C2=CC=CC=C2,0.18905374
CNCCCN1C2=CC=CC=C2SC3=C1C=C(C=C3)Cl,0.60754156
CN[C@H]1CC[C@H](C2=CC=CC=C12)C3=CC(=C(C=C3)Cl)Cl,0.6919591
