smiles,logbb,name,source
CN1C(=NN=N1)SCC2=C(N3C(C(C3=O)(NC(=O)C(C4=CC=C(C=C4)O)C(=O)O)OC)OC2)C(=O)O,-2.52,moxalactam,B3DB(CC0)
CN1CC[C@]23[C@@H]4[C@H]1CC5=C2C(=C(C=C5)OC6[C@@H]([C@H]([C@@H]([C@H](O6)C(=O)O)O)O)O)O[C@H]3[C@H](C=C4)O,-2.15,schembl614298,B3DB(CC0)
CN1CC[C@]23[C@@H]4[C@H]1CC5=C2C(=C(C=C5)O)O[C@H]3[C@H](C=C4)OC6[C@@H]([C@H]([C@@H]([C@H](O6)C(=O)O)O)O)O,-2.09,morphine-6-glucuronide,B3DB(CC0)
CC1=NC=C(C=C1)CC2CNC(NC2=O)NCCCCC3=NC=C(C=C3C)Br,-1.88,"2-[4-(5-bromo-3-methylpyridin-2-yl)butylamino]-5-[(6-methylpyridin-3-yl)methyl]-1,3-diazinan-4-one",B3DB(CC0)
c1(c2c3n(c4c(C(N(C)C3)=O)c(Cl)ccc4)cn2)noc(C(O)(O)C)n1,-1.82,nan,B3DB(CC0)
CN1CC2=C(N=CN2C2=CC=CC(Cl)=C2C1=O)C1=NOC(=N1)[C@](C)(O)CO,-1.82,nan,B3DB(CC0)
C([C@@H]1[C@H]([C@@H]([C@H]([C@H](O1)O[C@]2([C@H]([C@@H]([C@H](O2)CO)O)O)CO)O)O)O)O,-1.7,sucrose,B3DB(CC0)
C=CCC1=C(C(=CC=C1)/C=N\NC(=O)CN2CCN(CC2)CC3=CC=C(C=C3)S(=O)(=O)N)O,-1.67,schembl18285121,B3DB(CC0)
C1=CC(=CC=C1CNC2=NC3=C(C=CC(=C3)C(F)(F)F)N=C2C(=O)O)C(F)(F)F,-1.57,y22,B3DB(CC0)
CC(=O)NC1C(C(C(OC1O)COS(=O)(=O)[O-])OC2C(C(C(C(O2)COS(=O)(=O)[O-])O)O)O)O.[Na+].[Na+],-1.54,l4,B3DB(CC0)
C1=CC(=C(C=C1C2=CSC(=N2)N=C(N)N)O)O,-1.54,guanidinothiazol analogue 17 ac1lbibi -- pubmed,B3DB(CC0)
CCNC1=C(N=CC=C1)N2CCN(CC2)C(=O)C3=CC4=C(N3)C=CC(=C4)NS(=O)(=O)C,-1.52,chembl151192,B3DB(CC0)
O=C1C2=C(C(O)=C(/C=N/N3CCN(C)CC3)C(NC(C/C(C)=C\C=C\[C@@H](C)C4O)=O)=C5O)C5=C(O)C(C)=C2O[C@]1(C)O/C=C/[C@@H]([C@H]([C@H]([C@H]([C@H]([C@@H]4C)O)C)OC(C)=O)C)OC,-1.52,rifampicin,B3DB(CC0)
CC(C)CCCCCCCCC(=O)N[C@@H]1[C@H]([C@@H]([C@H](O[C@H]1OC2=C3C=C4C=C2OC5=C(C=C(C=C5)[C@H]([C@H]6C(=O)N[C@@H](C7=C(C(=CC(=C7)O)O[C@@H]8[C@H]([C@H]([C@@H]([C@H](O8)CO)O)O)O)C9=C(C=CC(=C9)[C@H](C(=O)N6)NC(=O)[C@@H]4NC(=O)[C@@H]1C2=C(C(=CC(=C2)OC2=C(C=CC(=C2)[C@H](C(=O)N[C@H](CC2=CC=C(O3)C=C2)C(=O)N1)NC)O)O)Cl)O)C(=O)NCCCN(C)C)O)Cl)CO)O)O,-1.48,"mdl 63,246",B3DB(CC0)
CC1C(=NC=N1)CSCCNC(=NC)NC#N,-1.42,cimetidine,B3DB(CC0)
CCCC1=NC(=C2N1N=C(NC2=O)C3=C(C=CC(=C3)S(=O)(=O)N4CCN(CC4)CC)OCC)C,-1.4,vardenafil,B3DB(CC0)
C1=CC=[N+]2C=C(NC2=C1)CN,-1.4,sbb079053,B3DB(CC0)
C1=CC(=CC=C1C(=O)O)N,-1.4,4-aminobenzoic acid,B3DB(CC0)
CC1=CC=CC=C1N=C2N(CCN2C)C,-1.39,"1,3-dimethyl-2-(2-methylphenylimino)imidazolidine",B3DB(CC0)
C1=C(C=C(C2=C1NC(=CC2=O)C(=O)O)Cl)Cl,-1.33,dcka,B3DB(CC0)
CCCC1=NN(C2=C1N=C(NC2=O)C3=C(C=CC(=C3)S(=O)(=O)N4CCN(CC4)C)OCC)C,-1.3,sildenafil,B3DB(CC0)
CC1=CC(=C(C=C1)N=C2N(CCN2C)C)C,-1.3,"n-(2,4-dimethylphenyl)-1,3-dimethylimidazolidin-2-imine",B3DB(CC0)
C1=COC(=C1)C2=NN3C(=NC(=NC3=N2)NCCC4=CC=C(C=C4)O)N,-1.3,17 zm0241385,B3DB(CC0)
C1C[C@H](O[C@H]1CO)N2C=NC3=C2N=CNC3=O,-1.3,l-dideoxyinosine,B3DB(CC0)
CN\C(NCCSC1=CC=C(CN(C)C)O1)=C\[N+]([O-])=O,-1.23,nan,B3DB(CC0)
CN=C(C[N+](=O)[O-])NCCCSC1=CC=C(O1)CN(C)C,-1.23,n-[3-[5-[(dimethylamino)methyl]furan-2-yl]sulfanylpropyl]-n'-methyl-2-nitroethanimidamide,B3DB(CC0)
CC(=O)OC1=C(C=C(C=C1)/C=C/C(=O)NCCC2=CC=CC=C2)OC(=O)C,-1.17,y12,B3DB(CC0)
CC1=CC=C(C=C1)/C(=C\CN2CCCC2)/C3=CC=CC(=N3)/C=C/C(=O)O,-1.14,acrivastine,B3DB(CC0)
CN(C)Cc1oc(CSCCNC2C([N+]([O-])=O)=CC=N2)cc1,-1.12,compound 35,B3DB(CC0)
CN(C)CCC1=CNC2=C1C=C(C=C2)CC3COC(=O)N3,-1.01,139264-82-7,B3DB(CC0)
CCC(C)C1C(CCC2(O1)CC3CC(O2)CC=C(C(C(C=CC=C4COC5C4(C(C=C(C5O)C)C(=O)O3)O)C)OC6CC(C(C(O6)C)OC7CC(C(C(O7)C)O)OC)OC)C)C,-1.0,ivermectin,B3DB(CC0)
CN1CC(=O)N2C(C1=O)CC3=C(C2C4=CC5=C(C=C4)OCO5)NC6=CC=CC=C36,-1.0,ac1nfq3w,B3DB(CC0)
C[C@@H]1CC(=CC(=O)[C@H]1C(=O)OC)NC2=CC(=CC=C2)[N+](=O)[O-],-1.0,dm-44,B3DB(CC0)
CC1=CC2=CC=CC=C2N1CCNC(=O)/C=C/C3=CC(=C(C=C3)OCCO)OCCO,-1.0,chembl3264225,B3DB(CC0)
O=[C@@](CNC(C)(C)C)[C@H](CC(CCCC3)C3C2)N2C[C@H](O)[C@@H](NC(C4=C(C)C(O)=CC=C4)=O)CSC1=CC=CC=C1,-0.93,nelfinavir,B3DB(CC0)
CCS(=O)(=O)C1=CC=C(C=C1)C2=C(C3=C(C=C2)C=C(C=C3)O)OC4=CC=C(C=C4)OCCN5CCCCC5,-0.92,chembl243790,B3DB(CC0)
C1CC(C[C@@H]1[C@@](C2=CC=CC=C2)(C(=O)NC3CCN(CC3)CC4=NC(=CC=C4)N)O)(F)F,-0.89,mk-0969,B3DB(CC0)
CC3CCN(CCC1CCN1S(=O)(=O)/C2=C/C(O)=C\CC2)CC3,-0.89,s118,B3DB(CC0)
C1=CC=C(C=C1)COC(=O)NCC2=CC=C(C=C2)C(=O)NC3=CC=CC=C3N,-0.85,chembl357268,B3DB(CC0)
CS(=O)(=O)C1=CC=C(C=C1)C2=C(C3=C(C=C2)C=C(C=C3)O)OC4=CC=C(C=C4)OCCN5CCCCC5,-0.81,ly2066948,B3DB(CC0)
CC(=C)C(=O)/C(=C/C(=O)O)/OC,-0.8,penicillic acid,B3DB(CC0)
CCN1N=C(N=N1)NC(=O)C2C3=CC=CC=C3OC4=CC=CC=C24,-0.8,compound 4b [pmid: 16099654],B3DB(CC0)
CN1CCN(CC1)CC2=CC=C(C=C2)NC3=NC=C(C(=N3)NC4=CC=CC=C4S(=O)(=O)N(C)C)Cl,-0.8,compound 13,B3DB(CC0)
CCC1C(=O)N(CC(=O)N(C(C(=O)NC(C(=O)N(C(C(=O)NC(C(=O)NC(C(=O)N(C(C(=O)N(C(C(=O)N(C(C(=O)N(C(C(=O)N1)C(C(C)/C=C/C)O)C)CC(C)C)C)CC(C)C)C)CC(C)C)C)C)C)CC(C)C)C)C(C)C)CC(C)C)C)C,-0.78,cyclosporine a,B3DB(CC0)
O=C1N([C@@H](C(N([C@@H](C(N[C@@H](C(N(C)CC(N([C@@H](C(N[C@@H](C(N([C@@H](C(N[C@@H](C(N[C@@H](C(N([C@@H](C(N([C@@H]1CC(C)C)C)=O)CC(C)C)C)=O)C)=O)C)=O)CC(C)C)C)=O)C(C)C)=O)CC(C)C)C)=O)=O)CC)=O)[C@@H]([C@H](C)/C=C/C)O)C)=O)CC(C)C)C,-0.78,cyclosporine a,B3DB(CC0)
CC[C@H]1C(=O)N(CC(=O)N([C@H](C(=O)N[C@H](C(=O)N([C@H](C(=O)N[C@H](C(=O)N[C@@H](C(=O)N([C@H](C(=O)N([C@H](C(=O)N([C@H](C(=O)N([C@H](C(=O)N1)[C@@H]([C@H](C)/C=C/C)O)C)CC(C)C)C)CC(C)C)C)CC(C)C)C)C)C)CC(C)C)C)C(C)C)CC(C)C)C)C,-0.78,cyclosporin a,B3DB(CC0)
CCC1C(=O)N(CC(=O)N(C(C(=O)NC(C(=O)N(C(C(=O)NC(C(=O)NC(C(=O)N(C(C(=O)N(C(C(=O)N(C(C(=O)N(C(C(=O)N1)C(C(C)CC=CC)O)C)C(C)C)C)CC(C)C)C)CC(C)C)C)C)C)CC(C)C)C)C(C)C)CC(C)C)C)C,-0.78,cyclosporin a,B3DB(CC0)
C1CCN(CC1)CCOC2=CC=C(C=C2)OC3=C(C=CC4=C3C=CC(=C4)O)C5=CC=C(C=C5)O,-0.77,chembl244000,B3DB(CC0)
c1cc(CSCCNc2cc(Cc3ccccc3)c[nH]2)oc1CN(C)C,-0.73,nan,B3DB(CC0)
CC1=CN(C(=O)NC1=O)C2CC(C(O2)CO)N[NH+]=[N-],-0.72,zidovudine,B3DB(CC0)
CC1=CN(C(=O)NC1=O)[C@@H]2C[C@@H]([C@@H](O2)CO)N=[N+]=[N-],-0.72,ncistruc1_000794,B3DB(CC0)
CCC1C(=O)N(CC(=O)N(C(C(=O)NC(C(=O)N(C(C(=O)NC(C(=O)NC(C(=O)N(C(C(=O)N(C(C(=O)N(C(C(=O)N(C(C(=O)N1)C(C(C)C/C=C/C)O)C)C(C)C)C)CC(C)C)C)CC(C)C)C)C)C)CC(C)C)C)C(C)C)CC(C)C)C)C,-0.7,cyclosporin a,B3DB(CC0)
CC(C)C1=NC(=CS1)CN(C)C(=O)NC(C(C)C)C(=O)NC(CC2=CC=CC=C2)CC(C(CC3=CC=CC=C3)NC(=O)OCC4=CN=CS4)O,-0.7,"n-[3-hydroxy-5-[[3-methyl-2-[[[methyl-[(2-propan-2-yl-4-thiazolyl)methyl]amino]-oxomethyl]amino]-1-oxobutyl]amino]-1,6-diphenylhexan-2-yl]carbamic acid 5-thiazolylmethyl ester",B3DB(CC0)
CC(C)[C@@](CCCN(C)CCC1=CC(=C(C=C1)OC)OC)(C#N)C2=CC(=C(C=C2)OC)OC,-0.7,dexverapamil,B3DB(CC0)
O=C2C/C=[N+](C1CC(F)C(CO)O1)\C(=O)N2,-0.69,s120,B3DB(CC0)
C1=NN(N=C1C(=O)N)C2C(C(C(O2)CO)O)O,-0.67,ribavirin,B3DB(CC0)
C1=C(C(=CC(=C1N)N)N)N.Cl.Cl.Cl.Cl,-0.67,y15,B3DB(CC0)
[O-][N+](C1=CC=NC1NCCSCc2ncccc2Br)=O,-0.67,compound 31,B3DB(CC0)
CC1=CC(=CC=C1)COC2=CC=CC(=C2)/C=C/3\C(=O)NN(C3=O)C4=CC=CC=C4,-0.66,y16,B3DB(CC0)
C1CN(CCC12C(CNC(=O)O2)C3=CC=CC=C3)C(=O)C4=CC(=CC(=C4)C(F)(F)F)C(F)(F)F,-0.66,schembl5010920,B3DB(CC0)
[O-][N+](C1=CC=NC1NCCSCc2ccccn2)=O,-0.66,compound 32,B3DB(CC0)
CCC(C)N1C(=O)N(C=N1)C2=CC=C(C=C2)N3CCN(CC3)C4=CC=C(C=C4)OCC5COC(O5)(CN6C=NC=N6)C7=C(C=C(C=C7)Cl)Cl,-0.64,itraconazole,B3DB(CC0)
CC(=O)CC1=CC=C(C=C1)C(=O)NC1=C(N)C=CC(=C1)C1=CC=CS1,-0.62,nan,B3DB(CC0)
CN1CC[C@]23[C@@H]4[C@@H](CC[C@]2(C1CC5=C3C(=C(C=C5)OC)O4)O)O,-0.6,"(4as,7r,7ar,12bs)-9-methoxy-3-methyl-1,2,4,5,6,7,7a,13-octahydro-4,12-methanobenzofuro[3,2-e]isoquinoline-4a,7-diol",B3DB(CC0)
CC1=NC(=C(C(=O)N1)[N+](=O)[O-])N2CCC3=CC=CC=C3CC2,-0.59,schembl6949469,B3DB(CC0)
C1CCN(C1)CCN2C=CC3=C2C=C(C=C3)NC(=O)CC4=CC=C(C=C4)OCC5=CC=CC=C5,-0.59,chembl2096766,B3DB(CC0)
CC(=O)NC1=CC=C(C=C1)C(=O)NC2=CC=CC=C2N,-0.58,tacedinaline,B3DB(CC0)
C1CCN(CC1)CCOC2=CC=C(C=C2)OC3=C(C=CC4=C3C=CC(=C4)O)C5=CC(=CC=C5)O,-0.57,chembl390020,B3DB(CC0)
O=C(NC([C@@H](O)C(O[C@H]1C[C@@](O)(C(OC(C2=CC=CC=C2)=O)[C@H]3[C@@]4(C)[C@@H](O)C[C@]5([H])C3(CO5)OC(C)=O)C(C)(C)C(C(OC(C)=O)C4=O)=C1C)=O)C6=CC=CC=C6)C7=CC=CC=C7,-0.55,paclitaxel,B3DB(CC0)
CN(C)[C@@H]1[C@@H]2C[C@@H]3CC4=C(C=CC(=C4C(=C3C(=O)[C@@]2(C(=C(C1=O)C(=O)N)O)O)O)O)N(C)C,-0.52,4-epiminocycline,B3DB(CC0)
CN(C)[C@H]1[C@@H]2C[C@@H]3CC4=C(C=CC(=C4C(=C3C(=O)[C@@]2(C(=C(C1=O)C(=O)N)O)O)O)O)N(C)C,-0.52,minocycline,B3DB(CC0)
CC1=CC2=CC=CC=C2N1CCNC(=O)/C=C/C3=CC(=C(C(=C3)OC)OC)OC,-0.52,tg4-155,B3DB(CC0)
C1CN(CCC1CC2=CC=C(C=C2)F)CCS(=O)C3=CC4=C(C=C3)NC(=O)O4,-0.52,besonprodil,B3DB(CC0)
C1=CC=C(C=C1)NC(=O)CCCCCNC(=O)CF,-0.51,faha,B3DB(CC0)
CC1=C(C(CCC1)(C)C)/C=C/C(=C/C=C/C(=C\C(=O)[O-])/C)/C,-0.49,isotretinoin (13-cis-retinoic acid),B3DB(CC0)
CC1=C(C(CCC1)(C)C)/C=C/C(=C/C=C/C(=C/C(=O)O)/C)/C,-0.49,tretinoin,B3DB(CC0)
CC(C)(C)NC(=O)[C@@]1([C@]2(N1C2=O)C3=CC=C(C=C3)OCC4=CC=C(C=C4)Cl)C5=C(NC6=C5C=CC(=C6)Cl)C(=O)O,-0.46,y30,B3DB(CC0)
CC1CN(CC1C2=NC3=C(C=NN3C4CCOCC4)C(=O)N2)CC5=NC=CC=N5,-0.4,pf-4447943,B3DB(CC0)
CC1=NC(=NO1)NC(=O)C2C3=CC=CC=C3OC4=CC=CC=C24,-0.4,compound 3a [pmid: 16099654],B3DB(CC0)
CC(C)(C)/[N+](=C/C1=CC=[N+](C=C1)[O-])/[O-],-0.38,alpha-(4-pyridyl-1-oxide)-n-tert-butylnitrone,B3DB(CC0)
CN(C)S(=O)(=O)C1=CC=C(C=C1)C2=C(C3=C(C=C2)C=C(C=C3)O)OC4=CC=C(C=C4)OCCN5CCCCC5,-0.37,chembl243571,B3DB(CC0)
CC(=O)O[C@H]1CC2=CC=CC=C2[C@H](C3=CC=CC=C13)C(=O)N,-0.34,"[(2r,9s)-2-carbamoyl-9-tricyclo[9.4.0.03,8]pentadeca-1(15),3,5,7,11,13-hexaenyl] acetate",B3DB(CC0)
NC(=O)[C@H]1C2=CC=CC=C2[C@H]2O[C@H]2C2=C1C=CC=C2,-0.34,nan,B3DB(CC0)
CN1[C@@H](CCC1=O)C2=CN=CC=C2,-0.32,cotinine,B3DB(CC0)
CC1=C2C(C(=O)C3(C(CC4C(C3C(C(C2(C)C)(CC1OC(=O)C(C(C5=CC=CC=C5)NC(=O)C6=CC=CC=C6)O)O)OC(=O)C7=CC=CC=C7)(CO4)OC(=O)C)O)C)OC(=O)C,-0.3,paclitaxel,B3DB(CC0)
c1(C(C)C)onc(c4ncn2c4CNC(c3c2cccc3Cl)=O)n1,-0.3,nan,B3DB(CC0)
C1C(=NC2=C(C=C(C=C2)C3=CC=CC=C3F)NC1=O)C4=CC(=NC=C4)C#N,-0.3,schembl5869149,B3DB(CC0)
CN1C2=NC=NC2C(=O)N(C1=O)C,-0.29,theophylline,B3DB(CC0)
CN1C2C(C(=O)N(C1=O)C)NC=N2,-0.29,"1,3-dimethyl-5,7-dihydro-4h-purine-2,6-dione",B3DB(CC0)
CN(C)Cc1ccnc(c2cccc(NC3C([N+]([O-])=O)=CC=N3)c2)c1,-0.28,compound 38,B3DB(CC0)
C1=CC(CN(C)C)=CC(C2=CC=CC(NC3NC=CC3N(=O)=O)=C2)=N1,-0.28,bbcpd19 (ranitidine analog),B3DB(CC0)
CN(C)Cc1ccc(c2cccc(NC3C([N+]([O-])=O)=CC=N3)c2)o1,-0.27,compound 37,B3DB(CC0)
CN1CN(C2(C1=O)CCN(CC2)CCCC(=O)C3=CC=C(S3)[123I])C4=CC=CC=C4,-0.25,"8-[4-(5-(123i)iodanylthiophen-2-yl)-4-oxobutyl]-3-methyl-1-phenyl-1,3,8-triazaspiro[4.5]decan-4-one",B3DB(CC0)
C1=CC=C(C=C1)C(=O)N,-0.24,benzamide,B3DB(CC0)
CO[C@H]1CNCC[C@H]1NC(=O)C2=CC(=C(C=C2OC)N)Cl,-0.22,ticalopride,B3DB(CC0)
C[C@]12CCC(=O)C=C1CC[C@@H]3[C@@H]2[C@H](C[C@]4([C@H]3CC[C@@]4(C(=O)CO)O)C)O,-0.22,cortisol,B3DB(CC0)
C1CC1NC2=C3C(=NC(=N2)N)N(C=N3)[C@@H]4C[C@@H](C=C4)CO,-0.22,abacavir,B3DB(CC0)
C(C(CO)O)O,-0.21,glycerol,B3DB(CC0)
C1=CC(=C(C=C1Cl)Cl)C(CN2C=CN=C2)OCC3=C(SC=C3)Cl,-0.2,tz-3,B3DB(CC0)
C1=CC=C(C=C1)CCNN,-0.2,phenelzine,B3DB(CC0)
C[C@H](C1=CC=C(C=C1)CC(C)C)C(=O)O,-0.18,(r)-(-)-ibuprofen,B3DB(CC0)
CCC(=O)N[C@H]1C(=NC[C@@H]([C@@H]([C@@H](CO)O)O)O)NC(=O)NC1=O,-0.18,y19,B3DB(CC0)
C[C@]12C[C@@H]([C@H]3[C@H]([C@@H]1CC[C@@]2(C(=O)CO)O)CCC4=CC(=O)C=C[C@]34C)O,-0.18,prednisolone,B3DB(CC0)
C=CCC1=C(C(=CC=C1)/C=N\NC(=O)CN2CCN(CC2)CC3=CC=CC=C3)O,-0.17,pac-1,B3DB(CC0)
CC(C(=O)O)N,-0.17,dl-alanine,B3DB(CC0)
C[C@@H]1CC(=CC(=O)[C@H]1C(=O)OC)NC2=CC(=CC=C2)OC(F)(F)F,-0.17,"methyl (1s,6r)-6-methyl-2-oxo-4-[3-(trifluoromethoxy)anilino]cyclohex-3-ene-1-carboxylate",B3DB(CC0)
CN1C2=C(C=CC(=C2)[C@H](C3=CC=C(C=C3)Cl)N4C=NC=N4)N=N1,-0.16,vorozole,B3DB(CC0)
ClC1=CC=C2N=C(CC(=O)NC2=C1)C1=C(C=CS1)C#N,-0.14,nan,B3DB(CC0)
CC(C)NCCCOC1=CC(CN2CCCCC2)=CC=C1,-0.13,nan,B3DB(CC0)
CC(C)N1N=C(N=N1)NC(=O)C2C3=CC=CC=C3OC4=CC=CC=C24,-0.12,"9h-xanthene-9-carboxamide, n-[2-(1-methylethyl)-2h-tetrazol-5-yl]-",B3DB(CC0)
CN1C[C@@H](CC1=O)CCN2C3=C(C4=CC=CC=C42)C(=O)NCC3,-0.12,y17,B3DB(CC0)
CN(C)C1CCN(CC2=CC=C(C=C2)C(=O)NC2=C(N)C=CC(=C2)C2=CC=CC=C2)CC1,-0.11,nan,B3DB(CC0)
CC1=NC=CC(=C1)C2=CC3=NC(=NN3C(=C2)N)C4=CC=CC=N4,-0.1,schembl7481790,B3DB(CC0)
CC1CC(C(C(/C=C(\C(C(/C=C\C=C(/C(=O)NC2=CC(=O)C(=C(C1)C2=O)NCCN(C)C)\C)OC)OC(=O)N)/C)C)O)OC,-0.09,17-(dimethylaminoethylamino)-17-demethoxygeldamycin,B3DB(CC0)
C1C=2C(C(NC(/C(C)=C/C=C\[C@@H]([C@H](/C(=C/[C@@H](C)[C@@H]([C@H](OC)C[C@H]1C)O)C)OC(=O)N)OC)=O)=CC(C2NCCN(C)C)=O)=O,-0.09,17-(dimethylaminoethylamino)-17-demethoxygeldamycin,B3DB(CC0)
Cn4nc(CC(=O)NC1CC[N+]2(C)CCCC1C2)c3ccccc34,-0.08,s121,B3DB(CC0)
CC1CCN(CCC2CCN2S(=O)(=O)C2=CC=CC(O)=C2)CC1,-0.08,s118,B3DB(CC0)
COC1=C(C2=C(C[C@@H]3C4=CC(=C(C=C4CCN3C2)OC)OC)C=C1)OC,-0.07,(+)-tetrahydropalmatine,B3DB(CC0)
CN1C=C(C(=N1)C2=CC=C(C=C2)OCC3=NC4=CC=CC=C4C=C3)C5=CC=NC=C5,-0.06,pf-2545920,B3DB(CC0)
CN1C=NC2C1C(=O)N(C(=O)N2C)C,-0.06,"1,3,7-trimethylxanthine, tms",B3DB(CC0)
CNCC1=CC=C(C=C1)C(=O)NC1=C(N)C=CC(=C1)C1=CC=CC=C1,-0.05,nan,B3DB(CC0)
CC2/C=[N+](C1CC(N=[N+]=N)C(CO)O1)\C(=O)NC2=O,-0.05,s122,B3DB(CC0)
CN1CCCC11CCN(CC2=CC=C(C=C2)C(=O)NC2=C(N)C=CC(=C2)C2=CC=CC=C2)CC1,-0.03,nan,B3DB(CC0)
CCN1CN(C2(C1=O)CCN(CC2)CCCC(=O)C3=CC=C(C=C3)F)C4=CC=CC=C4,-0.01,chembl136942,B3DB(CC0)
C[C@H]1[C@H]([C@H](C[C@@H](O1)O[C@H]2C[C@@](CC3=C2C(=C4C(=C3O)C(=O)C5=CC=CC=C5C4=O)O)(C(=O)C)O)N)O,0.0,dm5,B3DB(CC0)
CC(C)CC(C(=O)O)N,0.0,leucine,B3DB(CC0)
NC1=NC(COC2=NC=CC=C2)=C(C#N)C(=N1)C1=CC=CO1,0.0,nan,B3DB(CC0)
C1CN(CCC2=CC=CC=C21)C3=C(C(=O)N(C=N3)CCO)C#N,0.0,schembl6949318,B3DB(CC0)
C1=CC=C(C=C1)NC(=NC2=CC=CC=C2)N,0.0,"1,3-diphenylguanidine",B3DB(CC0)
C1CCN(CC1)C2=NC(=NC3=C2N=C(N=C3N4CCCCC4)N(CCO)CCO)N(CCO)CCO,0.0,dipyridamole,B3DB(CC0)
C[C@@H](C1=CC=CC=C1)NC2=NC=CC(=C2)C3=C(N=C(N3C)C4CCNCC4)C5=CC(=CC=C5)C(F)(F)F,0.01,compound d,B3DB(CC0)
CC(C)NCC(COC1=CC=CC=C1OCC=C)O,0.02,oxprenolol,B3DB(CC0)
C1=CC=C(C=C1)N2C(=O)C3=C(C(=NC3N2)CC(=O)C4=CC=CC5=CC=CC=C54)CC(=O)C6=CC=CC7=CC=CC=C76,0.02,nsc382927,B3DB(CC0)
N#[N+]O,0.03,"nitrous oxide, 99%",B3DB(CC0)
CCN1C(=NC(=C(C1=O)[N+](=O)[O-])N2CCC3=CC=CC=C3CC2)C,0.04,schembl6946348,B3DB(CC0)
B(C1=CC=C(C=C1)C[C@@H](C(=O)O)N)(O)O,0.05,4-boronophenylalanine,B3DB(CC0)
CCCN(CCC)C1=CC(=NC2=C(C(=NN12)C)C3=CN=C(C=C3C)N(C)C)C,0.07,195055-03-9,B3DB(CC0)
O[C@@]1(C(OC)=O)C2[C@@](C(C=C([C@@](C[C@H](C[C@]3(O)CC)C[N@](C3)CC4)(C(OC)=O)C5=C4C(C=CC=C6)=C6N5)C(OC)=C7)=C7N2C)(CCN8CC=C9)C8[C@]9(CC)[C@H]1OC(C)=O,0.07,vinblastine,B3DB(CC0)
C[C@]12CCN([C@@H]1N(C3=C2C=C(C=C3)OC(=O)NC)C)C,0.08,chembl1243269,B3DB(CC0)
C1CC2=CC=CC=C2CC1OC(=O)C3=CC=CC=C3C(=O)O,0.09,7461-08-7,B3DB(CC0)
CN1C2=CC=CC=C2C(=O)N3C1=C4C(=C5C=CC=CC5=N4)CC3,0.11,dehydroevodiamine,B3DB(CC0)
C1C=N[C@H](N1)NC2=C(C=CC=C2Cl)Cl,0.11,"(2r)-n-(2,6-dichlorophenyl)-2,5-dihydro-1h-imidazol-2-amine",B3DB(CC0)
CCC[C@@H](C)C1(C(=O)NC(=O)NC1=O)CC,0.12,(r)-pentobarbital,B3DB(CC0)
F\C=C\O\C=C/F,0.13,nan,B3DB(CC0)
C(=CF)OC=CF,0.13,fluorovinyl ether,B3DB(CC0)
OC1=CC(O)=CC2C1=CC(OC4[C@@H]([C@H]([C@@H]([C@@H](CO)O4)O)O)O)=C(C3=CC=C(O)C(O)=C3)O2,0.15,cyanidin 3-o-glucoside,B3DB(CC0)
C1=CC(=C(C=C1C2=[O+]C3=CC(=CC(=C3C=C2O[C@H]4[C@@H]([C@H]([C@@H]([C@H](O4)CO)O)O)O)O)O)O)O,0.15,cyanidin 3-o-glucoside,B3DB(CC0)
CC(C(=O)O)O,0.16,lactic acid,B3DB(CC0)
FC(F)(F)C1=CC(=NC(Cl)=C1)N1CCN(CCCCN2CCCC2=O)CC1,0.16,7-k08,B3DB(CC0)
C1CCN(CC1)CCOC2=CC=C(C=C2)OC3=C(C=CC4=C3C=CC(=C4)O)C5=CC=CC(=C5)C#N,0.17,chembl243999,B3DB(CC0)
COC1=C2C3=C(CNCC[C@]34C=C[C@@H](C[C@@H]4O2)O)C=C1,0.18,norgalanthamine,B3DB(CC0)
[C@]23([C@]1([C@H](OC1)C[C@@H]([C@@]2(C([C@H](OC(C)=O)C=2C([C@]([C@@H]3OC(c1ccccc1)=O)(C[C@H](OC([C@H]([C@@H](c1ccccc1)NC(c1ccc(cc1)F)=O)O)=O)C2C)O)(C)C)=O)C)O)OC(C)=O)[H],0.19,4-fluoropaclitaxel,B3DB(CC0)
CC1=C2[C@H](C(=O)[C@@]3([C@H](C[C@@H]4[C@]([C@H]3[C@@H]([C@@](C2(C)C)(C[C@@H]1OC(=O)[C@@H]([C@H](C5=CC=CC=C5)NC(=O)C6=CC=C(C=C6)F)O)O)OC(=O)C7=CC=CC=C7)(CO4)OC(=O)C)O)C)OC(=O)C,0.19,4-fluoropaclitaxel,B3DB(CC0)
CCC(=O)N(C1=CC=CC=C1)C2(CCN(CC2)CCC3=CC=CS3)COC,0.2,sufentanil,B3DB(CC0)
CN(C)CC1=CC=CC=C1SC2=CC(=C(C=C2N)Cl)F,0.2,chembl142158,B3DB(CC0)
CC1=NC(=C(C(=O)N1CCOC)[N+](=O)[O-])N2CCC(CC2)C3=CC=C(C=C3)F,0.2,schembl4414781,B3DB(CC0)
CN1[C@H]2CC(C[C@H]1[C@H]3[C@@H]2O3)OC(=O)C(CO)C4=CC=CC=C4,0.23,scopolamine,B3DB(CC0)
COC1=CC(=CC(=C1OC)OC)/C=C/C(=O)NCCN2C3=CC=CC=C3C=C2C(F)(F)F,0.23,5d,B3DB(CC0)
CN1CCCC[C@@H]1CCN2C3=CC=CC=C3SC4=C2C=C(C=C4)SC,0.24,10-{2-[(2r)-1-methylpiperidin-2-yl]ethyl}-2-(methylsulfanyl)-10h-phenothiazine,B3DB(CC0)
CCCN1CCC[C@H]2[C@H]1CC3=CN=C(N=C3C2)N.Cl.Cl,0.25,ropinirole hydrochloride,B3DB(CC0)
[C@@H](C(F)(F)F)(F)Br,0.27,zinc40135788,B3DB(CC0)
C[C@H]1CN2C3=C(CN1CC=C(C)C)C=C(C=C3NC2=S)Cl,0.28,r-82913,B3DB(CC0)
CC1=NC=CN1CC2CCC3=C(C2=O)C4=CC=CC=C4N3C,0.28,ondansetron,B3DB(CC0)
c1(C(NC(c2c3c(cccc3)cc(c4ccccc4)c2C)=O)CC)ccccc1,0.3,nan,B3DB(CC0)
CC(=O)OC1C(SC2=CC=CC=C2N(C1=O)CCN(C)C)C3=CC=C(C=C3)OC,0.3,34933-06-7,B3DB(CC0)
CC(=O)O[C@@H]1[C@@H](SC2=CC=CC=C2N(C1=O)CCN(C)C)C3=CC=C(C=C3)OC,0.3,diltiazem,B3DB(CC0)
CC1=C(C(=O)N2C=CSC2=N1)CCN3CCC(=C(C4=CC=C(C=C4)F)C5=CC=C(C=C5)F)CC3,0.3,ritanserin,B3DB(CC0)
C1C(=NC2=C(C=C(C=C2)C#CC3=CC=CC=C3)NC1=O)C4=CC=CC(=C4)C#N,0.3,chembl401446,B3DB(CC0)
C1C(=O)NC2=C(C=C(C=C2)[N+](=O)[O-])C(=N1)C3=CC=CC=C3,0.32,nitrazepam,B3DB(CC0)
CCC1=C(N=C2C=CC(=CC2=C1)C(=O)C3CCC(CC3)OC)C,0.33,jnj-16567083,B3DB(CC0)
CC1=CC=CC=C1C2=C(C=C(C=C2)N)N(C)C(=O)C(C)(C)C3=CC(=CC(=C3)C(F)(F)F)C(F)(F)F,0.34,schembl6867748,B3DB(CC0)
CN1CC[C@]23[C@@H]4C(=O)CC[C@]2([C@H]1CC5=C3C(=C(C=C5)O)O4)O,0.35,oxymorphone,B3DB(CC0)
[C@@H](C(F)(F)F)(Cl)Br,0.35,(r)-halothane,B3DB(CC0)
CN(C)C1=CC(=C(C=C1)O)CNC2=CC=CC3=C2N=C(C=C3)CO,0.38,ml,B3DB(CC0)
C1[C@H]2[C@H](CN1)C3=C(C=CC(=C3)Cl)OC4=CC=CC=C24,0.39,128915-56-0,B3DB(CC0)
COC1=CC2=C(OCC2)C(CN[C@H]2CCCN[C@@H]2C2=CC=CC=C2)=C1,0.39,nan,B3DB(CC0)
CC1=C2OC3=C(C=CC=C3)C3(O)CNCC3C2=CC=C1,0.39,org-30526,B3DB(CC0)
C1CN(CCN1CCOCCO)[C@@H](C2=CC=CC=C2)C3=CC=C(C=C3)Cl,0.39,(s)-hydroxyzine,B3DB(CC0)
[C@@]13(C4OCC1=CC=C[C@H]([C@H](O[C@@H]2O[C@H]([C@H](O[C@@H]1O[C@H]([C@H]([C@H](C1)OC)O)C)[C@@H](OC)C2)C)C(=CC[C@@H]2C[C@@H](C[C@@]1(CC[C@H]([C@@H]([C@H](CC)C)O1)C)O2)OC([C@@H]3C=C([C@H]4O)C)=O)C)C)O,0.4,ivermectin 1a,B3DB(CC0)
CN1CCC[C@H]1C2=CN=CC=C2,0.4,nicotine,B3DB(CC0)
CCN(CCC#N)C1=CC=CC=C1,0.42,n-(2-cyanoethyl)-2-phenylethylamine,B3DB(CC0)
[C@@H](C(F)(F)F)(OC(F)F)Cl,0.42,(r)-(-)-isoflurane,B3DB(CC0)
C1=CC=C(C=C1)CCNCCC#N,0.42,3-[(2-phenylethyl)amino]propanenitrile,B3DB(CC0)
CN(C)C1=C2C3=C(C(=O)N(C=N3)C4CCCCCC4)SC2=NC=C1,0.43,chembl225032,B3DB(CC0)
C1CN(CCC1OC2=CC=CC(=C2)C(F)(F)F)CCCCNC(=O)C3=CC=NC4=CC=CC=C34,0.48,piperidinederivatives 3,B3DB(CC0)
CC1C2CC3=C([C@@]1(CCN2CC=C(C)C)C)C=C(C=C3)O,0.51,schembl680675,B3DB(CC0)
CCC1=CC2=C(S1)N(C(=O)CN=C2C3=CC=CC=C3Cl)C,0.51,clotiazepam,B3DB(CC0)
CC[C@H]1C(=O)N(CC(=O)N([C@H](C(=O)N[C@H](C(=O)N([C@H](C(=O)N[C@H](C(=O)N[C@@H](C(=O)N([C@H](C(=O)N([C@H](C(=O)N([C@H](C(=O)N([C@H](C(=O)N1)[C@@H]([C@H](C)C/C=C/C)O)C)C(C)C)C)CC(C)C)C)CC(C)C)C)C)C)CC(C)C)C)C(C)C)CC(C)C)C)C,0.52,cyclosporin a,B3DB(CC0)
c1c(c(ccc1CC(N)C(OCC\C(=C(/C)N(C)C([H])=O)SSC(C)C)=O)OC(=O)C(C)(C)C)OC(C(C)(C)C)=O,0.53,zipr-dopa(p)2,B3DB(CC0)
CN1CCC23[C@@H]4C1CC5=C2C(=C(C=C5)OC)O[C@H]3[C@H](C=C4)O,0.55,codeine,B3DB(CC0)
CN1CC[C@]23[C@@H]4[C@H]1CC5=C2C(=C(C=C5)OC)O[C@H]3[C@@H](C=C4)O,0.55,isocodeine,B3DB(CC0)
CCC1(CC(C2=C(C1O)C(=C3C(=C2O)C(=O)C4=C(C3=O)C=CC=C4O)O)OC5CC(C(C(O5)C)O)N6CCOCC6)O,0.56,antibiotic mx 2,B3DB(CC0)
CC[C@]1(C[C@@H](C2=C([C@H]1O)C(=C3C(=C2O)C(=O)C4=C(C3=O)C=CC=C4O)O)O[C@H]5C[C@@H]([C@@H]([C@@H](O5)C)O)N6CCOCC6)O,0.56,morpholinyl oxaunomycin,B3DB(CC0)
CN1CCN(CC1)CC2=CC=C(C=C2)C(=O)NC3=C(C=CC(=C3)C4=CC=CC=C4)N,0.56,n-(2-amino-5-phenylphenyl)-4-[(4-methylpiperazin-1-yl)methyl]benzamide,B3DB(CC0)
COC1=CC=CC(=C1O)CN,0.56,2-(aminomethyl)-6-methoxyphenol,B3DB(CC0)
CN1CC[C@]23[C@@H]4[C@H]1CC5C2C(=C(C=C5)OC)O[C@H]3C(=O)C=C4,0.57,oxycodone,B3DB(CC0)
CN(C1CCN(CC1)CC(COC2=CC(=C(C=C2)F)F)O)C3=NC4=CC=CC=C4S3,0.59,lubeluzole,B3DB(CC0)
CN(C1CCN(CC1)C[C@@H](COC2=CC(=C(C=C2)F)F)O)C3=NC4=CC=CC=C4S3,0.59,lubeluzole,B3DB(CC0)
CN(C)CC1=CC=C(C=C1)C(=O)NC2=CC=CC=C2N,0.6,schembl12684742,B3DB(CC0)
CC1=NC(=C(C(=O)N1CC(F)(F)F)C#N)N2CCC3=CC=CC=C3CC2,0.6,schembl6947600,B3DB(CC0)
C1=CC=C(C=C1)C2=N[C@H](C(=O)NC3=C2C=C(C=C3)Cl)O,0.61,s-oxazepam,B3DB(CC0)
CC1=C2C(=CC=C1)N(C(=N2)NC3CCN(CC3)CCN)CC4=C(C=CC(=N4)C)O,0.63,jnj-2408068,B3DB(CC0)
CC1=CC=CC=C1C2=C(C=NC=C2)C(=O)N(C)CC3=CC(=CC(=C3)C(F)(F)F)C(F)(F)F,0.68,chembl204958,B3DB(CC0)
CN(C)CC1=CC(=CC=C1)C2=NC(=NN2CCO)C3=CC=C(C=C3)OC,0.71,schembl6578223,B3DB(CC0)
C1CCN(CC1)CCOC2=CC=C(C=C2)OC3=C(C=CC4=C3C=CC(=C4)O)C5=CC(=CC=C5)F,0.73,chembl390021,B3DB(CC0)
CCCCCCNC(=O)C(C1=CC=CC=C1)C2=CC=CC=C2,0.74,"n-hexyl-2,2-diphenylacetamide",B3DB(CC0)
c1cc(ccc1C(c1ccc(cc1)F)O[C@@]1(C[C@H]2CCC(C1)[N@@]2CCCC)[H])F,0.74,jhw 007,B3DB(CC0)
C1=CC=C2C=C(C=CC2=C1)C(=O)NC3=CC=CC(=C3)CN,0.74,ctk7e5530,B3DB(CC0)
CCCCN1[C@@H]2CC[C@H]1CC(C2)OC(C3=CC=C(C=C3)F)C4=CC=C(C=C4)F,0.75,jhw-007,B3DB(CC0)
CN(C)CC1=CC=C(C=C1)C(=O)NC1=C(N)C=CC(=C1)C1=CC=CS1,0.77,nan,B3DB(CC0)
CC1=CC=C(C=C1)/C(=C/CN2CCCC2)/C3=CC=CC=N3,0.77,tripyrolidine,B3DB(CC0)
COC1=CC=CC=C1N2CCN(CC2)CCCCNC(=O)C3=CC4=CC=CC=C4C=C3,0.78,piperazinederivatives 12,B3DB(CC0)
C1[C@H]([C@@H]1N)C2=CC=C(C=C2)F,0.81,"(1r,2s)-2-(4-fluorophenyl)cyclopropan-1-amine",B3DB(CC0)
CN(C)CCCN1C2CCCCCC2CCC2=CC=CC=C12,0.83,s113 amitryptalline,B3DB(CC0)
CN(C)CCCN1C2=CC=CC=C2CC3=CC=CC=C31,0.83,zinc1677753,B3DB(CC0)
CC[C@H](C)C(=O)O[C@H]1C[C@@H](C=C2[C@H]1[C@H]([C@H](C=C2)C)CC[C@@H]3C[C@H](CC(=O)O3)O)C,0.85,chembl3349881,B3DB(CC0)
CN(C)CC1=CC=C(C=C1)C(=O)NC2=C(C=CC(=C2)C3=CC=CC=C3)N,0.88,schembl18653512,B3DB(CC0)
CN(CC1=CC(=CC(=C1)C(F)(F)F)C(F)(F)F)C(=O)C2=C(C=CN=C2)C3=CC=CC=C3Cl,0.89,schembl5966350,B3DB(CC0)
CCC(=O)NC1CCC(CC1)CCN2CCN(CC2)C3=C(C(=CC=C3)Cl)Cl,0.9,piperazinederivatives 7,B3DB(CC0)
CCC[C@H](C)CC,0.9,(-)-3-methylhexane,B3DB(CC0)
COC1=CC=C(C=C1)C2=NC3=CC=CC=C3C(=C2)NCCO,0.9,chembl88330,B3DB(CC0)
COC1=C(C=C(C=C1)CCN2CCN(CC2)CCCC3=CC=CC=C3I)OC,0.9,"1-[2-(3,4-dimethoxyphenyl)ethyl]-4-[3-(2-iodophenyl)propyl]piperazine",B3DB(CC0)
C1CCN(CC1)CCOC2=CC=C(C=C2)OC3=C(C=CC4=C3C=CC(=C4)O)C5=CC(=C(C=C5)F)F,0.92,chembl244206,B3DB(CC0)
O=S(O)(c2ccc1cc[nH]c1c2)N3CCCC3CCN5CCC(Oc4cccc(Cl)c4)CC5,0.92,s119,B3DB(CC0)
CC(C)(C)C1=CC(=C(C=C1)OC)CN[C@H]2CCCN[C@H]2C3=CC=CC=C3,0.98,chembl430170,B3DB(CC0)
CS(=O)(=O)NC1CCC(CC1)CCN2CCN(CC2)C3=C(C(=CC=C3)Cl)Cl,1.0,chembl2024515,B3DB(CC0)
CN(C)CCCN1C2=CC=CC=C2CCC3=C1C=C(C=C3)Cl,1.04,clomipramine,B3DB(CC0)
C1CN(CCC1OC2=CC=CC(=C2)C(F)(F)F)CCCCNC(=O)C3=CC=C(C=C3)Br,1.04,schembl7050625,B3DB(CC0)
CN1CCC2C(C1)C1=CC=CC=C1OC1=CC=C(Cl)C=C21,1.06,7-k06,B3DB(CC0)
CC(=O)NC1CCC(CC1)CCN2CCN(CC2)C3=C(C(=CC=C3)Cl)Cl,1.08,chembl2024514,B3DB(CC0)
COC1=C(C=C(C=C1)OC(F)(F)F)CN[C@H]2CCCN[C@@H]2C3=CC=CC=C3,1.11,cp-122721,B3DB(CC0)
COC1=C(C=C(C=C1)OC(F)(F)F)CN[C@H]2CCCN[C@H]2C3=CC=CC=C3,1.11,cp-122721,B3DB(CC0)
C[C@@]12C3=CC=CC=C3C[C@@H](N1)C4=CC=CC=C24,1.11,dizocilpine,B3DB(CC0)
C1=CC(=O)OC1=CC(=O)O,1.11,4-carboxymethylenebut-2-en-4-olide,B3DB(CC0)
C1CN(CCC1NC2=CC=CC(=C2)C(F)(F)F)CCCCNC(=O)C3=CC=C(C=C3)Br,1.18,piperidinederivatives 2,B3DB(CC0)
C1CCN(CC1)CCOC2=CC=C(C=C2)OC3=C(C=CC4=C3C=CC(=C4)O)C5=CC=C(C=C5)F,1.25,chembl244205,B3DB(CC0)
CN1C(=NC(=N1)C2=CC=C(C=C2)OC)C3=CC=CC(=C3)CN(C)C,1.26,schembl6584053,B3DB(CC0)
C1CCC(CC1)C(CCN2CCCCC2)(C3=CC=CC=C3)O,1.32,trihexyphenidyl,B3DB(CC0)
CC(C)N1CCN(CC1)C2=CC=C(C=C2)I,1.38,1-(4-iodophenyl)-4-isopropylpiperazine,B3DB(CC0)
CN(C)CC1=CC(=CC=C1)C2=NC(=NN2COC)C3=CC=C(C=C3)OC,1.38,schembl6578579,B3DB(CC0)
C1CN(CCN(C1)C2=CC=C(C=C2)Cl)CCCC(=O)C3=CC=C(C=C3)F,1.48,chembl476108,B3DB(CC0)
CN(C)CCC(C1=CC=C(C=C1)Cl)C2=CC=CC=N2,1.53,chlorpheniramine,B3DB(CC0)
CC(C)C1=CC=C(SCCCC2CCN2C)C=C1,1.7,nan,B3DB(CC0)
C1=CC=NC(=C1)NS(=O)(=O)C2=CC=C(C=C2)N=NC3=CC(=C(C=C3)O)C(=O)O,-2.69,sulphasalazine,B3DB(CC0)
C1=CC2=C(C(=C(C=C2Cl)I)O)N=C1,-2.4,clioquinol,B3DB(CC0)
CCNC(=NCCSCC1=C(C=CC=N1)Br)NC#N,-2.15,bbcpd11 (cimetidine analog) (y-g13),B3DB(CC0)
CS(=O)(=O)N(CCO)C1=C2C(=CC(=C1Cl)Cl)NC(=O)C(=O)N2,-2.15,"uk-240,455",B3DB(CC0)
C1C(=O)NC(=O)N1/N=C/C2=CC=C(O2)[N+](=O)[O-],-2.09,nitrofurantoin,B3DB(CC0)
C1=CC=C(C=C1)OC2=CC=CC(=C2)C3=C(C4=C(C=C(C=C4)Cl)NC3=O)O,-2.03,"l-701,324",B3DB(CC0)
CC1OCC2C(O1)C(C(C(O2)OC3C4COC(=O)C4C(C5=CC6=C(C=C35)OCO6)C7=CC(=C(C(=C7)OC)O)OC)O)O,-2.0,33419-42-0,B3DB(CC0)
CC1=NC=C(C=C1)CC2=CN=C(NC2=O)NCCCCC3=C(C=CC=N3)OC,-2.0,icotidine,B3DB(CC0)
OC(C1=C[C@@H](OC(CC)CC)[C@@H](NCOC)[C@@H](N)C1)=O,-1.96,ro 64-0802,B3DB(CC0)
CC1=NC=C(C=C1)CC2=CN=C(NC2=O)NCCCCC3=NC=C(C=C3C)Br,-1.9,temelastine,B3DB(CC0)
CN1C(=NN=N1)SCC2=C(N3C(C(C3=O)(NC(=O)C4SC(=C(C(=O)N)C(=O)O)S4)OC)SC2)C(=O)O,-1.89,"disodium;(6r,7s)-7-[[4-(2-amino-1-carboxylato-2-oxoethylidene)-1,3-dithietane-2-carbonyl]amino]-7-methoxy-3-[(1-methyltetrazol-5-yl)sulfanylmethyl]-8-oxo-5-thia-1-azabicyclo[4.2.0]oct-2-ene-2-carboxylate",B3DB(CC0)
CN1C(=NN=N1)SCC2=C(N3[C@@H]([C@@](C3=O)(NC(=O)C4SC(=C(C(=O)N)C(=O)[O-])S4)OC)SC2)C(=O)[O-].[Na+].[Na+],-1.89,cefotetan,B3DB(CC0)
C1CN=C(N1)NC2=CC=CC=C2,-1.89,1848-75-5,B3DB(CC0)
CC(CO)(C1=NC(=NO1)C2=C3CN(C(=O)C4=C(N3C=N2)C=CC=C4Cl)C)O,-1.82,m2l-663581,B3DB(CC0)
O=C(N[C@@H](CC1=CC=CC=C1)[C@H](C[C@H](CC2=CC=CC=C2)CC([C@@H](NC(N(C)CC3=CSC(C(C)C)=N3)=O)C)=O)O)OCC4=CN=CS4,-1.82,ritonavir,B3DB(CC0)
OCC(C)(CO)c1nc(no1)-c2ncn(c23)c4c(C(=O)N(C)C3)c(Cl)ccc4,-1.82,bis-hydroxylated-l-663581,B3DB(CC0)
C1CCN(CC1)CCOC2=CC=C(C=C2)C(=O)C3=C(SC4=C3C=CC(=C4)O)C5=CC=C(C=C5)O,-1.81,raloxifene,B3DB(CC0)
CCOC(=O)N1CSCC1C(=O)O,-1.72,telmesteine,B3DB(CC0)
C1=CC(=CC=C1CCCC(=O)O)N(CCCl)CCCl,-1.7,chlorambucil,B3DB(CC0)
Oc1cc(O)cc(c12)CC(C(C2=O)O)c(c3)ccc(O)c3O,-1.7,quercetin,B3DB(CC0)
CC(C1=CC(=C(C=C1)C2=CC=CC=C2)F)C(=O)O,-1.68,flurbiprofen,B3DB(CC0)
C(C(C(C(C(CO)O)O)O)O)O,-1.6,mannitol (d-mannitol),B3DB(CC0)
CC(=O)NC1=CC=CC(=C1)C2=CSC(=N2)N=C(N)N,-1.57,compound 34,B3DB(CC0)
Oc1cc(OCCCCO)ccc1C(CC(C)C)=O,-1.52,cube-2,B3DB(CC0)
Oc1cc(OCCCCOc2ccc(CCC(O)=O)c(O)c2)ccc1C(CC(C)C)=O,-1.52,cube-6,B3DB(CC0)
Oc1cc(OCCCCOc2ccc3c(OC(C=C3)=O)c2)ccc1C(CC(C)C)=O,-1.52,cube-10,B3DB(CC0)
CN(CC1=CN=C2C(=N1)C(=NC(=N2)N)N)C3=CC=C(C=C3)C(=O)NC(CCC(=O)O)C(=O)O,-1.52,amethopterin,B3DB(CC0)
C1=CC(=CC=C1C(CC(=O)O)CN)Cl,-1.52,baclofen,B3DB(CC0)
CN(CC1=CN=C2C(=N1)C(=NC(=N2)N)N)C3=CC=C(C=C3)C(=O)N[C@@H](CCC(=O)O)C(=O)O,-1.5,methotrexate,B3DB(CC0)
CC1=C(C=C(C=C1)NC(=O)C2=CC=C(C=C2)CN3CCN(CC3)C)NC4=NC=CC(=N4)C5=CN=CC=C5,-1.5,imatinib,B3DB(CC0)
C1C[C@H](O[C@@H]1CO)N2C=CC(=NC2=O)N,-1.5,.alpha.-d-ddc,B3DB(CC0)
CC1=NN=C2N1C3=C(C=C(C=C3)Cl)C(=NC2O)C4=CC=CC=C4,-1.48,4-hydroxyalprazolam,B3DB(CC0)
O=C(N)Cc1ccc(OCC(NC(C)C)O)cc1,-1.42,atenolol,B3DB(CC0)
CC1(C2CCC3(C(C2(CCC1O)C)C(=O)C=C4C3(CCC5(C4CC(CC5)(C)C(=O)O)C)C)C)C,-1.4,biosone,B3DB(CC0)
CCCN1C2=C(C(=O)N(C1=O)CCC)NC(=N2)C3CCC(=O)C3,-1.4,151581-23-6,B3DB(CC0)
CCCN1C2=C(C(=O)N(C1=O)CCC)NC(=N2)[C@H]3CCC(=O)C3,-1.4,apaxifylline,B3DB(CC0)
COC(=O)NC1=NC2=C(N1)C=C(C=C2)C(=O)N3CCN(CC3)C4=CC=CC=N4,-1.4,chembl12325,B3DB(CC0)
COC1=NC=CC(=N1)C2=C(N=CN2C3CCC(CC3)O)C4=CC=C(C=C4)F,-1.4,sb 239063,B3DB(CC0)
c1cccc(c12)cccc2C(=O)c3ccc(OCC)c(c34)cccc4,-1.39,nan,B3DB(CC0)
CC1=CC=CC=C1NC2=NCCN2,-1.39,tz-17,B3DB(CC0)
CC(C)C1=C(C(=C(N1CC[C@H](C[C@H](CC(=O)O)O)O)C2=CC=C(C=C2)F)C3=CC=CC=C3)C(=O)NC4=CC=CC=C4,-1.36,atorvastatin,B3DB(CC0)
CN1[C@H]2CC[C@H]1[C@@H](CC(O)=O)[C@@H](OC(C3=CC=CC=C3)=O)C2,-1.35,benzoylecgonine,B3DB(CC0)
CC(C)(C1=NC(=NO1)C2=C3CN(C(=O)C4=C(N3C=N2)C=CC=C4Cl)C)O,-1.34,"monohydroxy l-663,581 metabolite",B3DB(CC0)
C[NH+](C)CC1=CC=C(CSCCNC2=NC(=O)C(=CN2)CC3=CC=C4C=CC=CC4=C3)O1,-1.3,sk&f 93319,B3DB(CC0)
CC1=C(SC2=C1C=C(C=C2)Cl)S(=O)(=O)NC3=CC(=C(C=C3)OC)N4CCNCC4,-1.3,sb-271406,B3DB(CC0)
CC1=C(C2=C(N1C(=O)C3=CC=C(C=C3)Cl)C=CC(=C2)OC)CC(=O)O,-1.3,indomethacin,B3DB(CC0)
COC1=CC=CN=C1CCCCNC(N2)=NC=C(CC3=CC=CC(C)=N3)C2=O,-1.3,skf 93319,B3DB(CC0)
CC1=CC(=C(C=C1)NC2=NCCN2)C,-1.3,4794-83-6,B3DB(CC0)
CC1=NC(=CC(=N1)N2CCN(CC2)CCO)NC3=NC=C(S3)C(=O)NC4=C(C=CC=C4Cl)Cl,-1.3,schembl1704876,B3DB(CC0)
C1=CC(=CC=C1C(C#N)C2=C(C=C(C=C2Cl)N3C(=O)NC(=O)C=N3)Cl)Cl,-1.3,diclazuril,B3DB(CC0)
C1CCC(CC1)(CC2=NOC(=O)N2)CN,-1.3,compound-9,B3DB(CC0)
C1=CC=C(C(=C1)CC(=O)O)NC2=C(C=CC=C2Cl)Cl,-1.3,diclofenac,B3DB(CC0)
C1C[C@@H](O[C@@H]1CO)N2C=NC3=C2N=CNC3=O,-1.3,didanosine,B3DB(CC0)
CC1C(C2=C(N1C(=O)C3=CC=C(C=C3)Cl)C=CC(=C2)OC)CC(=O)O,-1.26,schembl13579049,B3DB(CC0)
C[C@H]1[C@@H](C2=C(N1C(=O)C3=CC=C(C=C3)Cl)C=CC(=C2)OC)CC(=O)O,-1.26,zinc27644005,B3DB(CC0)
C1=CC=C(C=C1)C2=CC=C(C=C2)C(=O)O,-1.26,p-phenylbenzoic acid,B3DB(CC0)
CN/C(=C\[N+](=O)[O-])/NCCSCC1=CC=C(O1)CN(C)C,-1.23,ls-190695,B3DB(CC0)
CN(C)CC1=CC(CSCCN/C(NC)=N/C[N+]([O-])=O)=CO1,-1.23,ranitidine,B3DB(CC0)
CN=C(C[N+](=O)[O-])NCCSCC1=CC=C(O1)CN(C)C,-1.23,chembl1907165,B3DB(CC0)
CNC(=C[N+](=O)[O-])NCCSCC1=CC=C(O1)CN(C)C,-1.23,ranitidine base,B3DB(CC0)
[O-][N+](=O)CC(NC)=NCCSc(o1)ccc1CN(C)C,-1.23,nan,B3DB(CC0)
C[C@@H]1[C@H]([C@H](C[C@@H](O1)O[C@@H]2[C@H](O[C@H](C[C@@H]2O)O[C@@H]3[C@H](O[C@H](C[C@@H]3O)O[C@H]4CC[C@]5([C@@H](C4)CC[C@@H]6[C@@H]5C[C@H]([C@]7([C@@]6(CCC7C8=CC(=O)OC8)O)C)O)C)C)C)O)O,-1.23,digoxin,B3DB(CC0)
O=C(C(C)C)NC1=CC=C(CC(CN2C[C@H](OC)C(N3C(C=CC(C)=C4)=C4N=C3C)CC2)C5)C5=C1,-1.22,compound 5,B3DB(CC0)
C1[C@H](O[C@H](S1)CO)N2C=C(C(=NC2=O)N)F,-1.22,ftc; emtricitabine,B3DB(CC0)
CN(C)CCC1=CNC2=C1C=C(C=C2)O,-1.19,bufotenine,B3DB(CC0)
CN(C)C1=[NH+]C=CC(=C1)C2=N[NH]C(=N2)N,-1.17,y-g12 (bbcpd10),B3DB(CC0)
C1=CC(=CC(=C1)N)C2=CSC(=N2)N=C(N)N,-1.15,72801-60-6,B3DB(CC0)
CCOC1=CN=C(C=C1)CC2=NC3=C(N2CC4CCCCC4)C=CC(=C3)N(C)S(=O)(=O)C5=CC=CS5,-1.15,chembl1950329,B3DB(CC0)
CCS(=O)(=O)N1C2=C(CN(CC2)C3CCOCC3)C4=C1C=CC(=C4)C(=O)N5CCC(CC5)C,-1.15,az599,B3DB(CC0)
CCCCCCCCCCCCCCCCOP(=O)([O-])OCC[N+](C)(C)C,-1.14,miltefosine,B3DB(CC0)
CN(C)Cc1ccc(o1)SCCNc2c(N(=O)=O)cc[nH]2,-1.12,bbcpd17,B3DB(CC0)
CCN1CCCC1CNC(=O)C2=C(C=CC(=C2)S(=O)(=O)N)OC,-1.11,sulpiride,B3DB(CC0)
CC(C)CC1C(=O)N2CCCC2C3(N1C(=O)C(O3)(C(C)C)NC(=O)C4CN(C5CC6=C(NC7=CC=CC(=C67)C5=C4)Br)C)O,-1.1,bromocriptine,B3DB(CC0)
CC(C)C[C@H]1C(=O)N2CCC[C@H]2[C@]3(N1C(=O)[C@](O3)(C(C)C)NC(=O)[C@H]4CN([C@@H]5CC6=C(NC7=CC=CC(=C67)C5=C4)Br)C)O,-1.1,bromocriptine,B3DB(CC0)
c1ccccc1CC(C(=O)N(C2C34O)CCC2)N3C(=O)C(O4)(C)NC(=O)C(C5)CN(C)C(C6)C5C7=CC=CC8NC=CC6=C78,-1.1,ergotamine,B3DB(CC0)
CC1=NC=C(C=C1)CC2=CN=C(NC2=O)NCCSCC3=CC=C(O3)CN(C)C,-1.1,lupitidine (y-g5; skf93479),B3DB(CC0)
C1C2CNCC1C3=CC=CC(=O)N3C2,-1.09,cytisine,B3DB(CC0)
CCCCC1=C(C2=CC=CC=C2O1)C(=O)C3=CC(=C(C(=C3)I)OCCN(CC)CC)I,-1.08,amiodarone,B3DB(CC0)
CC1=NC=C(C=C1)CC2=CN=C(NC2=O)NCCSCC3=CC=C(O3)C(C)(C)N.Cl.Cl.Cl,-1.06,lupitidine,B3DB(CC0)
CN(C)CCC1=CNC2=C1C=C(C=C2)C[C@H]3COC(=O)N3,-1.04,zolmitriptan,B3DB(CC0)
CC[C@@]1(C[C@@H]2C[C@@](C3=C(CCN(C2)C1)C4=CC=CC=C4N3)(C5=C(C=C6C(=C5)[C@]78CCN9[C@H]7[C@@](C=CC9)([C@H]([C@@]([C@@H]8N6C=O)(C(=O)OC)O)OC(=O)C)CC)OC)C(=O)OC)O,-1.03,vincristine,B3DB(CC0)
O=C(N1CCN(c2ccc(OCCCN3CCCCC3)cc2)C(C1)=O)c4ccc(C(C)(C)C)cc4,-1.0,proc-19m,B3DB(CC0)
CCC(C1=CC=CC=C1)NC(=O)C2=C(C(=NC3=CC=CC=C32)C4=CC=CC=C4)OCC(=O)O,-1.0,chembl68445,B3DB(CC0)
O=C(OCC)C1=C[C@@H](OC(CC)CC)[C@@H](NCOC)[C@@H](N)C1,-1.0,oseltamivir,B3DB(CC0)
CC(C)N(CC(O)C)c1nnc(NNC(OCC)=O)cc1,-1.0,cadralazine,B3DB(CC0)
CN(C)C(=O)CN1C(=O)C=CC(=N1)C2=C3C=CC=CN3N=C2C4=CC=CC=C4,-1.0,compound 17,B3DB(CC0)
CC1CC(=CC(=O)C1C(=O)OC)NC2=CC(=CC=C2)[N+](=O)[O-],-1.0,156154-71-1,B3DB(CC0)
COC1=[N+](N=CC(=C1)N)C2=CC=CC=C2,-1.0,amezinium,B3DB(CC0)
c1ccccc1C(c2ccccc2)C(N(C3)CC4)C(C34)NCc(c(c5)OC)cc(c56)N(CC6)S(=O)(=O)C,-1.0,pfizer compound 13,B3DB(CC0)
CSC1=NN2C(=C1S(=O)(=O)C3=CC=CC=C3)N=C4CCCC4=C2N5CCNCC5,-1.0,ro65-7674,B3DB(CC0)
CC1=CC=C(C=C1)C2=CC(=NN2C3=CC=C(C=C3)S(=O)(=O)N)C(F)(F)F,-1.0,"celecoxib, celebrex",B3DB(CC0)
C1=CC(=CC(=C1)Cl)C(C2=CC3=C(C=C2)N=CN3)N4C=CN=C4,-1.0,liarozole,B3DB(CC0)
C1=CC(=CC(=C1)C(F)(F)F)/C(=N/OCCCCC(=O)O)/C2=CN=CC=C2,-1.0,ridogrel,B3DB(CC0)
C1CC(C1)N2CCC(CC2)OC3=CC=C(C=C3)N4CCN(CC4=O)C(=O)C5=CC=C(C=C5)C(=O)N6CCC6,-1.0,chembl1185227,B3DB(CC0)
C1=CC=C(C=C1)C2=NC(=C(N2)C3=CC=NC=C3)C4=CC(=C(C=C4)Cl)O,-1.0,"takle-2; l-779,450",B3DB(CC0)
CC(C)(C)NCC(COC1=CC=CC2=C1CC(C(C2)O)O)O,-0.95,anabet,B3DB(CC0)
CC1CC(=CC(=O)C1C(=O)OC)NC2=CC=C(C=C2)Cl,-0.95,156154-42-6,B3DB(CC0)
CC1=C(C=CC=C1O)C(=O)NC(CSC2=CC=CC=C2)C(CN3CC4CCCCC4CC3C(=O)NC(C)(C)C)O,-0.93,nelfinavir mesylate,B3DB(CC0)
CON1C=C(C(=O)C2=CC3=C(C=C21)OCO3)C(=O)O,-0.92,miloxacin,B3DB(CC0)
COC1=C(C=C2C(=C1)C(=NC(=N2)N3CCN(CC3)C(=O)C4=CC=CO4)N)OC,-0.9,prazosin,B3DB(CC0)
COC1=C(C=C(C=C1)Cl)C(=O)NCCC2=CC=C(C=C2)S(=O)(=O)NC(=O)NC3CCCCC3,-0.9,glibenclamide,B3DB(CC0)
OC1(C(CO)=O)CC[C@@]([C@]1(C)C2)([H])[C@]3([H])CCC4=CC(C=C[C@]4(C)[C@@]3([H])C2=O)=O,-0.9,prednisone,B3DB(CC0)
CC(C)(C1=CC(=C(C=C1)OC)CNC2C3CCN(C2C(C4=CC=CC=C4)C5=CC=CC=C5)CC3)O,-0.89,161105-56-2,B3DB(CC0)
C1CC(CC1C(C2=CC=CC=C2)(C(=O)NC3CCN(CC3)CC4=NC(=CC=C4)N)O)(F)F,-0.89,l001588,B3DB(CC0)
CC1=C(C=CC(=C1)Cl)NC2=NCCN2,-0.87,4201-26-7,B3DB(CC0)
CN(C)CCOC(C=C1)=CC=C1C2=NC(C3=CC=C(/C(CC4)=N/CO)C4=C3)=C(C5=CC=NC=C5)N2,-0.85,takle-1; sb-590885,B3DB(CC0)
COC1=NN=C(C=C1)NS(=O)(=O)C2=CC=C(C=C2)N,-0.85,sulfamethoxypyridazine,B3DB(CC0)
CC1C(C(CC(O1)OC2CC(CC3=C2C(=C4C(=C3O)C(=O)C5=C(C4=O)C(=CC=C5)OC)O)(C(=O)CO)O)N)O,-0.83,nsc169534,B3DB(CC0)
C[C@H]1[C@H]([C@H](C[C@@H](O1)O[C@H]2C[C@@](CC3=C2C(=C4C(=C3O)C(=O)C5=C(C4=O)C(=CC=C5)OC)O)(C(=O)CO)O)N)O,-0.83,doxorubicin,B3DB(CC0)
CC1=CN=C(C(=C1OC)C)CS(=O)C2=NC3=C(N2)C=C(C=C3)OC,-0.82,omeprazole,B3DB(CC0)
NC(NC1=NC(CSCC/N=C(NC)/NC#N)=CS1)=N,-0.8,"tiotidine (skb10, y-g10)",B3DB(CC0)
CCC1=CC=C(C=C1)N2C=NC3=C(C2=O)SC4=NC=CC(=C34)N(C)CCC5=CC=CC=N5,-0.8,chembl213760,B3DB(CC0)
CC(=O)NC1CCC2=CC(=C(C(=C2C3=CC=C(C(=O)C=C13)OC)OC)OC)OC,-0.8,colchicine,B3DB(CC0)
O=C1N2CCCC(O)C2=NC(C)=C1CCN3CCC(C4=COc5cc(F)ccc54)CC3,-0.8,risperidone-9-oh,B3DB(CC0)
C1=CC(=C(C=C1C[C@@H](C(=O)O)N)O)O,-0.8,levodopa,B3DB(CC0)
O=C(O)[C@@H]1CCCN1OC(=O)[C@H](N)Cc2ccccc2,-0.8,d-phenylalanine-l-proline,B3DB(CC0)
C1C(C(OC1N2C=CC(=NC2=O)N)CO)CO,-0.79,"2',3'-dideoxy-3'-hydroxymethylcytidine",B3DB(CC0)
CC(=C)C(=O)/C(=C\C(=O)O)/OC,-0.79,penicillic acid,B3DB(CC0)
CC(=O)N1CCC(CC1)COC2=NC(=NC(=C2C(=O)NC)NCC3CCC4(CCC4)CC3)C#N,-0.79,irie-16c,B3DB(CC0)
OCC1C(CO)O[C@@H](C1)n(c(n2)=O)ccc2N,-0.79,"2´,3´-dideoxy-3´-hydroxymethylcytidine",B3DB(CC0)
Clc1cc(Cl)cc(c12)[nH]c(cc2=O)C(=O)OCCc3c(C)[n+](C)cs3,-0.78,n-methylthiazolium-dcka,B3DB(CC0)
C1=CC(=C(C=C1CC(C(=O)O)N)O)O,-0.77,levodopa,B3DB(CC0)
CC1COC2=C3N1C=C(C(=O)C3=CC(=C2N4CCN(CC4)C)F)C(=O)O,-0.76,ofloxacin,B3DB(CC0)
CC(C)(C)NC(=O)C1CN(CCN1CC(CC(CC2=CC=CC=C2)C(=O)NC3C(CC4=CC=CC=C34)O)O)CC5=CN=CC=C5,-0.74,indinavir,B3DB(CC0)
CN(C)CC1=CC=C(O1)CSCCNC2=C(C(=CN2)CC3=CC=CC=C3)[N+](=O)[O-],-0.73,chembl344991,B3DB(CC0)
CN(C)Cc1ccc(o1)SCCNc([nH]c2)c([N+]([O-])=O)c2Cc3ccccc3,-0.73,bbcpd60,B3DB(CC0)
CN(C)CC1=CC=C(CSCCNC2=C(Cc3ccccc3)C=CN2)O1,-0.73,b-057,B3DB(CC0)
CCC(CO)NC1=NC(=C2C(=N1)N(C=N2)C(C)C)NCC3=CC=CC=C3,-0.72,roscovitine,B3DB(CC0)
CC1=CN(C(=O)NC1=O)C2CC(C(O2)CO)N=[N+]=N,-0.72,zidovudine,B3DB(CC0)
CCN1N=NN(CCN2CCC(COC)(N(C3=CC=CC=C3)C(CCC)=O)CC2)C1=O,-0.71,"alfentanil, rapifen",B3DB(CC0)
C1=NC2=C(N1)C(=S)N=CN2,-0.71,6-mercaptopurine,B3DB(CC0)
O[C@H]([C@]1([H])[C@@H](CC2)CC(C=C)[C@@H]2C1)c3c4cc(OC)ccc4ncc3,-0.7,quinidine,B3DB(CC0)
CC1CN(CCC1(C2=CC=CC=C2)C(=O)O)C3CCC(CC3)(C#N)C4=CC=C(C=C4)F,-0.7,levocabastine hydrochloride,B3DB(CC0)
CC1C2=C(C=CC=C2Cl)NC(=N1)N,-0.7,"5-chloro-4-methyl-1,4-dihydroquinazolin-2-amine",B3DB(CC0)
CCCCCCCCCCCCCCCCCCOCC(COP(=O)([O-])OCC[N+](C)(C)C)OC,-0.7,2-o-methyl-paf (c),B3DB(CC0)
CC[C@@H](C)N1C(=O)N(C=N1)C2=CC=C(C=C2)N3CCN(CC3)C4=CC=C(C=C4)OC[C@@H]5CO[C@@](O5)(CSC6=NN=CN6C)C7=CC=C(C=C7)Cl,-0.7,mitratapid,B3DB(CC0)
C1CC(C1)N2CCC(CC2)OC3=CC=C(C=C3)N4CCN(CC4=O)C(=O)C5=CC=C(C=C5)C#N,-0.7,chembl239099,B3DB(CC0)
CN1C2CCCC1CC(C2)NC(=O)C3=NN(C4=CC=CC=C43)C,-0.69,granisetron,B3DB(CC0)
CNC(=O)C1=C(N=C(N=C1OCC2CCNCC2)C#N)NCC3CCC4(CCC4)CC3,-0.67,chembl476130,B3DB(CC0)
CC1=C(C(=O)N2CC(CCC2=N1)O)CCN3CCC(CC3)C4=NOC5=C4C=CC(=C5)F,-0.67,7-hydroxy risperidone,B3DB(CC0)
C1=NC(=NN1C2C(C(C(O2)CO)O)O)C(=O)N,-0.67,ribavirin,B3DB(CC0)
c1c[nH]c(c1C(=O)O)NCCSCc2c(Br)cccn2,-0.67,nan,B3DB(CC0)
C1=CC(=C(N=C1)CSCCNC2=C(C=CN2)[N+](=O)[O-])Br,-0.67,bbcpd12 (cimetidine derivative) (skb15),B3DB(CC0)
Brc1cccnc1CSCCNC2=C([N+]([O-])=O)NC=C2,-0.67,b-049,B3DB(CC0)
CCN1C=C(C(=O)C2=C1N=C(C=C2)C)C(=O)O,-0.66,nalidixicacid,B3DB(CC0)
C1=CC=NC(=C1)CSCCNC2=C(C=CN2)[N+](=O)[O-],-0.66,112598-30-8,B3DB(CC0)
CC1=NC(=NC2=CC(=C(C=C12)OC)OC)N3CCN(CC3)C(=O)C4=CC=CO4,-0.66,prazosin,B3DB(CC0)
CC1=CC(=C(C=C1)NC2=NCCN2)Cl,-0.65,tolonidine,B3DB(CC0)
CCC(C)N1C(=O)N(C=N1)C2=CC=C(C=C2)N3CCN(CC3)C4=CC=C(C=C4)OC[C@H]5CO[C@](O5)(CN6C=NC=N6)C7=C(C=C(C=C7)Cl)Cl,-0.64,itraconazole,B3DB(CC0)
CC(C)C(CCCNCCC1=CC(=C(C=C1)OC)OC)(C#N)C2=CC(=C(C=C2)OC)OC,-0.64,norverapamil,B3DB(CC0)
CC(=O)N1CCN(CC1)C2=CC=C(C=C2)OCC3CO[C@@](O3)(CN4C=CN=C4)C5=C(C=C(C=C5)Cl)Cl,-0.63,ketoconazole,B3DB(CC0)
O=C(N(C1=CC=C(CCN2C(C)=O)C2=C1)N3CCN(CCC4CCCC4)CC3)/C=C/C5=CC(C#N)=CC=C5,-0.63,jnj-5207787,B3DB(CC0)
C1CN(CC1C(C2=CC=CC=C2)(C3=CC=CC=C3)C(=O)N)CCC4=CC5=C(C=C4)OCC5,-0.62,darifenacin,B3DB(CC0)
C1CN(C[C@@H]1C(C2=CC=CC=C2)(C3=CC=CC=C3)C(=O)N)CCC4=CC5=C(C=C4)OCC5,-0.62,darifenacin,B3DB(CC0)
CC1=CN(C(=O)NC1=O)C2CC(C(O2)CO)F,-0.6,alovudine ,B3DB(CC0)
CSC(=N)N,-0.6,s-methylisothiourea,B3DB(CC0)
[C@]123c4c5c(OC)ccc4CC(NCC3)[C@]2(O)CCC([C@H]1O5)O,-0.6,beta-oxycodol,B3DB(CC0)
C[C@@H]1CCCN1CCCOC2=CC=C(C=C2)N3CCN(CC3=O)C(=O)C4=C(C=C(C=C4)F)F,-0.6,chembl239299,B3DB(CC0)
C1C[C@@H]2NS(=O)(=O)C3=CC=CC=C3N2C1,-0.6,s 18986,B3DB(CC0)
O=C1C(CC(C)C)N(C2=O)C(O[C@@]2(C(C)C)NC([C@@H]3C=C(C(C=CC=C4N5)=C4C(C6)=C5Br)[C@]6([H])N(C)C3)=O)[C@@]7([H])N1CCC7,-0.59,bromocriptine,B3DB(CC0)
C1C(C2=CC=CC=C2N(C3=CC=CC=C31)C(=O)N)O,-0.59,s-licarbizine,B3DB(CC0)
C(C\C(=C(/C)N(Cc1cnc(nc1N)C)C([H])=O)SSC(C)C)OC(C2=CC(c1c(cc(cc1N2)[Cl])[Cl])=O)=O,-0.57,tipr-dcka,B3DB(CC0)
CC(C)CN(CC(C(CC1=CC=CC=C1)NC(=O)OC2CCOC2)O)S(=O)(=O)C3=CC=C(C=C3)N,-0.56,chembl195725,B3DB(CC0)
CC(C)CN(C[C@H]([C@H](CC1=CC=CC=C1)NC(=O)O[C@@H]2CCOC2)O)S(=O)(=O)C3=CC=C(C=C3)N,-0.56,ncgc00159461-02,B3DB(CC0)
CC(C)CN(C[C@H]([C@H](CC1=CC=CC=C1)NC(=O)O[C@H]2CCOC2)O)S(=O)(=O)C3=CC=C(C=C3)N,-0.56,amprenavir,B3DB(CC0)
CN1CN(C2=CC=C(Br)C=C2)C3(CC[NH+](CCCC(=O)C4=CC=C(F)C=C4)CC3)C1=O,-0.55,bmsp,B3DB(CC0)
CC(C)NC[C@@H](COC1=CC=C(C=C1)NC(=O)C)O,-0.55,practolol,B3DB(CC0)
CC(C)CC(CC(=O)O)CN,-0.54,pregabalin,B3DB(CC0)
C1=CC(C)=CN(C12)C(CC(=O)N(C)C)=C(N2)c(cc3)ccc3C,-0.54,zolpidem,B3DB(CC0)
CC1=C(C=C(C=C1)C(=O)NC2CC2)C3=CC=C(C=C3)C(=O)NCC4CC4,-0.52,515134-70-0,B3DB(CC0)
CC(=O)NC1=NN=C(S1)S(=O)(=O)N,-0.52,acetazolamide,B3DB(CC0)
CN1CCC[C@H]1CC2=CNC3=C2C=C(C=C3)CCS(=O)(=O)C4=CC=CC=C4,-0.52,eletriptan,B3DB(CC0)
COC1=C(C=C(C=C1)S(=O)(=O)NC2=C(C(=CC(=C2)Br)F)Br)N3CCNCC3,-0.52,sb-357134,B3DB(CC0)
C(CCl)NC(=O)N(CCCl)N=O,-0.52,bis(chloroethyl)nitrosourea (carmustine) (bcnu),B3DB(CC0)
CCCCC1=C(N(N(C1=O)C2=CC=CC=C2)C3=CC=CC=C3)O,-0.52,chembl2111136,B3DB(CC0)
CN(C(CN1CCC(C1)O)C2=CC=CC=C2)C(=O)C(C3=CC=CC=C3)C4=CC=CC=C4,-0.51,schembl8717354,B3DB(CC0)
CCCCC1C(=O)N(N(C1=O)C2=CC=CC=C2)C3=CC=CC=C3,-0.5,phenylbutazone,B3DB(CC0)
COC1=C(C=C2C(=C1)N=CN=C2NC3=CC(=C(C=C3)F)Cl)OCCCN4CCOCC4,-0.5,gefitinib,B3DB(CC0)
C[C@]12CCC(=O)C=C1CC[C@@H]3[C@@H]2[C@@H](C[C@]4([C@H]3CC[C@@H]4C(=O)CO)C)O,-0.5,epicorticosterone,B3DB(CC0)
C1=CC(=CC=C1CC(C(=O)O)N)N(CCCl)CCCl,-0.5,melphalan,B3DB(CC0)
CC1=C(C(CCC1)(C)C)C=CC(=CC=CC(=CC(=O)O)C)C,-0.49,11-cis retinoic acid,B3DB(CC0)
CC1=CN(C(=O)NC1=O)C2C=CC(O2)CO,-0.48,stavudine,B3DB(CC0)
CN(C)CCCN1C2=CC=CC=C2S(=O)C3=CC=CC=C31,-0.48,phenothiazine,B3DB(CC0)
CCC1=CC=C(C=C1)N2C=NC3=C(C2=O)SC4=NC=CC(=C34)N(C)C,-0.47,chembl385336,B3DB(CC0)
CN1C(=O)N2C=NC(=C2N=N1)C(=O)N,-0.47,temozolomide,B3DB(CC0)
C1CN(CCC1S(=O)(=O)C2=CC=C(C=C2)C(=O)N)CCC3=C(C=C(C=C3)F)F,-0.47,chembl148058,B3DB(CC0)
CC(=O)NCCCOC1=CC=CC(=C1)CN2CCCCC2,-0.46,skb30 (npropylacetamide33npiperidinylmethylphenoxy),B3DB(CC0)
C1CCN(CC1)CCCOC2=CC=C(C=C2)N3CCN(CC3=O)C(=O)C4=CC=C(C=C4)F,-0.46,chembl239975,B3DB(CC0)
C1CN(CCN1CCNC(=O)C2=CC=C(C=C2)F)C3=C4C(=CC=C3)OC(CO4)CO,-0.45,flesinoxan,B3DB(CC0)
C1CN(CCN1CCNC(=O)C2=CC=C(C=C2)F)C3=C4C(=CC=C3)O[C@H](CO4)CO,-0.45,flesinoxan,B3DB(CC0)
C1=CC=C(C(=C1)C(=O)NCC(=O)O)O,-0.44,salicyluric acid (salicylurate),B3DB(CC0)
CCCN(CCC)CCc(c1)cc(O)c(c12)NC(=O)C2,-0.43,nan,B3DB(CC0)
CCN1CN(C2(C1=O)CCN(CC2)CCCC(=O)C3=CC=C(C=C3)F)C4=CC=C(C=C4)Br,-0.43,besp,B3DB(CC0)
CN1CCN(CC1)C2=C(C=C3C(=C2F)N(C=C(C3=O)C(=O)O)CCF)F,-0.43,fleroxacin,B3DB(CC0)
C1CCC(C1)(C(=O)O)N,-0.43,cycloleucine,B3DB(CC0)
CC1=C(C(C(=C(N1)C)C(=O)OC(C)(C)C)C2=CC(=CC=C2)[N+](=O)[O-])C(=O)OC(C)(C)C,-0.42,dibudipine,B3DB(CC0)
CC[C@@]1(C2=C(COC1=O)C(=O)N3CC4=CC5=C(C=CC(=C5CN(C)C)O)N=C4C3=C2)O,-0.42,topotecan,B3DB(CC0)
O=C1N2C(c3nc4cc(O)c(CN(C)C)cc4cc3C2)=CC5=C1COC([S@]5(O)CC)=O,-0.42,topotecan,B3DB(CC0)
CC1CC2=CC(=C(C=C2N1S(=O)(=O)C)CNC3CCCNC3C4=CC=CC=C4)OC,-0.42,pfizer compound 14,B3DB(CC0)
C1C(=O)[C@@H]2[C@H]([C@@]1(C(=O)O)N)[C@]2(C(=O)O)F,-0.41,mgs0028,B3DB(CC0)
C=CC#N,-0.4,acrylonitrile,B3DB(CC0)
CCCN(CCC)S(=O)(=O)C1=CC=C(C=C1)C(=O)O,-0.4,probenecid,B3DB(CC0)
C(CN)CS(=O)(=O)O,-0.4,"tramiprosate, alzhemed",B3DB(CC0)
C1CC(C1)N2CCC(CC2)OC3=CC=C(C=C3)N4CCN(CC4=O)C(=O)C5=CC=C(C=C5)Cl,-0.4,chembl1190347,B3DB(CC0)
CC(C)C(CO)NC1=CC(=NC2=C(C(=NN12)NC3=CC(=CC(=C3)OC)OC)C(=O)N)C4CC4,-0.39,compound 6h,B3DB(CC0)
CC1=NC2=C(C=C1)C(=CC=C2)OCCN3CCC(CC3)CC4=CC5=C(C=C4)OCC(=O)N5,-0.39,sb 649915,B3DB(CC0)
CC(C)(C)[N+](=O)C=C1C=CN(C=C1)[O-],-0.38,alpha-(4-pyridyl-1-oxide)-n-tert-butylnitrone,B3DB(CC0)
CC(C)OC1=CC=CC(=C1)CC(=O)N2CCC[C@](C2)(CC[N+]34CCC(CC3)(CC4)C5=CC=CC=C5)C6=CC(=C(C=C6)Cl)Cl.[Cl-],-0.37,nolpitantium,B3DB(CC0)
CN(C)CCC[C@@]1(C2=C(CO1)C=C(C=C2)C#N)C3=CC=C(C=C3)F,-0.37,escitalopram,B3DB(CC0)
CC1=C(SC(=N1)N(C2=CC(=C(C=C2)OC)CNC3CCCNC3C4=CC=CC=C4)S(=O)(=O)C)C,-0.37,pfizer compound 18,B3DB(CC0)
C1CN(CCC1CNC2=NC=CC=N2)C(=O)OCC3=CC=CC=C3,-0.37,liv-20a,B3DB(CC0)
CC(C1CSc2ccccc2N1CCC3CCCCN3C)=O,-0.36,mesoridazine,B3DB(CC0)
CC1C(C2=CC=CC=C2N(C3=CC=CC=C13)C(=O)N)C,-0.34,schembl11119364,B3DB(CC0)
C1=CC=C2C(C3=CC=CC=C3C4C(C2=C1)O4)C(=O)N,-0.34,"carbamazepine, 9,10-epoxide",B3DB(CC0)
C1C2C1C3=CC=CC=C3N(C4=CC=CC=C24)C(=O)N,-0.34,cbz-epo,B3DB(CC0)
O=C1N2CCCCC2=NC(C)=C1CCN3CCC(C4=COc5cc(F)ccc54)CC3,-0.32,risperidone,B3DB(CC0)
CC(=O)CN1C(=O)C=CC(=N1)C2=C3C=CC=CN3N=C2C4=CC=CC=C4,-0.31,schembl8639797,B3DB(CC0)
C1=CC=C2C(=C1)C3C(O3)C4=CC=CC=C4N2C(=O)N,-0.3,b-096,B3DB(CC0)
CC12CCC3C(C1CC(C2O)F)CCC4=C3C=CC(=C4)O,-0.3,16a-fluoroestradiol,B3DB(CC0)
CCC1(C(=O)NC(=O)NC1=O)C2=CCCCC2,-0.3,cyclobarbital,B3DB(CC0)
CC(C)C1=NC(=NO1)C2=C3CN(C(=O)C4=C(N3C=N2)C=CC=C4Cl)C,-0.3,fg-8205,B3DB(CC0)
C[C@]12CC[C@H]3[C@H]([C@@H]1C[C@@H]([C@@H]2O)F)CCC4=C3C=CC(=C4)O,-0.3,16alpha-fluoroestradiol,B3DB(CC0)
c1cc(O)ccc1CC(N)C(=O)N[C@H](C(C)(C)SS2)C(=O)NCC(=O)NC(C(=O)N[C@H](C(=O)O)C2(C)C)Cc3ccccc3,-0.3,dpdpe,B3DB(CC0)
CC1([C@H](C(=O)NCC(=O)N[C@H](C(=O)N[C@H](C(SS1)(C)C)C(=O)O)CC2=CC=CC=C2)NC(=O)[C@H](CC3=CC=C(C=C3)O)N)C,-0.3,dpdpe,B3DB(CC0)
CC1C=NC2=C1C(=O)NC(=O)N2C,-0.3,theobromine,B3DB(CC0)
CCOC(=O)C1=C2CN(C(=O)C3=C(N2C=N1)C=CC(=C3)F)C,-0.3,78755-81-4,B3DB(CC0)
CN1C=NC2=C1C(=O)NC(=O)N2C,-0.3,"theobromine (3,7-dimethylxanthine)",B3DB(CC0)
C1=CC(=C(C=C1C(F)(F)F)NC(=O)NC2=C(C=CC(=C2)Cl)O)Cl,-0.3,ns 1738,B3DB(CC0)
[Li],-0.3,7439-93-2,B3DB(CC0)
CC[C@@]1(C2=C(COC1=O)C(=O)N3CC4=CC5=CC=CC=C5N=C4C3=C2)O,-0.29,camptothecin,B3DB(CC0)
O=C1N2C(c3nc4ccccc4cc3C2)=CC5=C1COC([S@]5(O)CC)=O,-0.29,camptothecin,B3DB(CC0)
CC(C)NCC(C1=CC=C(C=C1)NS(=O)(=O)C)O,-0.28,sotalol,B3DB(CC0)
CC(Cl)Cl,-0.28,"1,1-dichloroethane (ethylidene chloride)",B3DB(CC0)
CN(C)CC1=CC(=NC=C1)C2=CC(=CC=C2)NC3=C(C=CN3)[N+](=O)[O-],-0.28,112598-49-9,B3DB(CC0)
CC1=CC(=CC(=C1NC2=NCCN2)C)Br,-0.28,65936-23-4,B3DB(CC0)
C(CSC(=N)N)F,-0.27,unii-13w6wjx09r,B3DB(CC0)
CN(C)CC1=CC=C(O1)C2=CC(=CC=C2)NC3=C(C=CN3)[N+](=O)[O-],-0.27,chembl358151,B3DB(CC0)
CN(C)c(o1)ccc1-c2cc(ccc2)Nc(c3[N+]([O-])=O)[nH]cc3,-0.27,bbcpd18 (ranitidine analog),B3DB(CC0)
C[C@H]1C(=O)NC2(CCCC2)C(=O)N1,-0.26,alaptide,B3DB(CC0)
Ic1cc(C(=O)CCCN2CCC3(C(=O)N(C)CN3c4ccccc4)CC2)cS1,-0.25,i-1,B3DB(CC0)
ClC1=CC=C(C2(O)CCN(CCCC(C3=CC=CC=C3)(C(N(C)C)=O)C4=CC=CC=C4)CC2)C=C1,-0.25,loperamide,B3DB(CC0)
CC(C)(C)OC(=O)C1=C2CN(C(=O)C3=C(N2C=N1)C=CS3)C,-0.25,99632-94-7,B3DB(CC0)
CC1(CC(CC(N1)(C)C)OC2=NC(=NC(=C2C(=O)NC)NCC3CCC4(CCC4)CC3)C#N)C,-0.24,chembl478224,B3DB(CC0)
C1CCN(CC1)CC2=CC(=CC=C2)OCCCNC(=O)C3=CC=CC=C3,-0.24,bbcpd21,B3DB(CC0)
C1=CN(C(=N1)[N+](=O)[O-])CCCF,-0.24,1-(3-fluoropropyl)-2-nitroimidazole (fpn),B3DB(CC0)
C#CCO,-0.23,propargyl alcohol,B3DB(CC0)
CC(C)NCC(COC1=CC=CC=C1CC=C)O,-0.23,alprenolol,B3DB(CC0)
CC(C)(CN1C(=O)C=CC(=N1)C2=C3C=CC=CN3N=C2C4=CC=CC=C4)O,-0.23,222722-65-8,B3DB(CC0)
C=CCC1(C(=O)NC(=O)NC1=O)CC=C,-0.22,allobarbital,B3DB(CC0)
CCCN(CC1CC1)C2=NC(=NC3=C2CCN3C4=C(C=C(C=C4)Cl)Cl)C,-0.22,schembl5488979,B3DB(CC0)
COC1CNCCC1NC(=O)C2=CC(=C(C=C2OC)N)Cl,-0.22,ticalopride,B3DB(CC0)
COC1=C(C=C(C=C1)N2CCCC2=O)CNC3CCCNC3C4=CC=CC=C4,-0.22,pfizer compound 16,B3DB(CC0)
C[C@]12CCC(=O)C=C1CC[C@H]3[C@@H]2[C@H](C[C@]4([C@H]3CC[C@@]4(C(=O)CO)O)C)O,-0.22,cortisol,B3DB(CC0)
CC1CN(CCN1)C2=NC3=C(C=C2)N=C(C4=CN=CN43)NC5=C(C=CC=C5Cl)C,-0.22,schembl4036207,B3DB(CC0)
C1CC1NC2=C3C(=NC(=N2)N)N(C=N3)[C@@H]4C[C@H](C=C4)CO,-0.22,abacavir,B3DB(CC0)
C1=CC(=C(C=C1F)F)C(CN2C=NC=N2)(CN3C=NC=N3)O,-0.22,fluconazole,B3DB(CC0)
COC1=CC2=C(C=CN=C2C=C1)[C@@H]([C@H]3CC4CCN3C[C@@H]4C=C)O,-0.21,quinidine,B3DB(CC0)
CC(C)CC1=CC=C(C=C1)C(C)C(=O)O,-0.2,ibuprofen ,B3DB(CC0)
Fc1cccc(F)c1[NH+]=C2NCCN2,-0.2,tz-3,B3DB(CC0)
C1CCN(C1)CCN2C3=C(C=CC(=C3)NC(=O)CC4=CC=C(C=C4)OCC5=CC=CC=C5)C=N2,-0.2,indole-based mchr1 antagonist(7a),B3DB(CC0)
C1CN(CCC1CNC2=NC=NC=C2)C(=O)OCC3=CC=CC=C3,-0.2,liv-21,B3DB(CC0)
C1CCC(CC1)NC(=S)N2CCC(CC2)C3=CN=CN3,-0.2,thioperamide,B3DB(CC0)
CCNC(=O)C(C1=CC=CC=C1)C(=O)N,-0.19,chembl3527030,B3DB(CC0)
C1=CC=C(C=C1)C(COC(=O)N)COC(=O)N,-0.19,felbamate,B3DB(CC0)
CCCC(C)(COC(=O)N)COC(=O)NC,-0.18,carisoprodol,B3DB(CC0)
C[C@]12CC([C@H]3[C@H]([C@@H]1CC[C@@]2(C(=O)CO)O)CCC4=CC(=O)C=C[C@]34C)O,-0.18,prednisolone,B3DB(CC0)
C=CC=C,-0.17,"1,3-butadiene (divinyl)",B3DB(CC0)
CC1CCN(CC1)CC[C@H]2CCCN2S(=O)(=O)C3=CC=CC(=C3)O,-0.17,201038-74-6,B3DB(CC0)
CC1CC(=CC(=O)C1C(=O)OC)NC2=CC(=CC=C2)OC(F)(F)F,-0.17,2-oxo-4-[3-(trifluoromethoxy)anilino]-6-methyl-3-cyclohexene-1-carboxylic acid methyl ester,B3DB(CC0)
C[N+]1=CC=CC=C1/C=N/O,-0.17,pralidoxime,B3DB(CC0)
C1=CN(C(=N1)[N+](=O)[O-])CCCCCCCCF,-0.17,1-(8-fluorooctyl)-2-nitroimidazole (fon),B3DB(CC0)
CCN1C=C(C(=O)C2=CC(=C(C=C21)N3CCN(CC3)C)F)C(=O)O,-0.16,pefloxacin,B3DB(CC0)
CN1C2=C(C=CC(=C2)C(C3=CC=C(C=C3)Cl)N4C=NC=N4)N=N1,-0.16,vorozole,B3DB(CC0)
C1C2C3=CC=CC=C3CC4=CC=CC=C4N2C(=N1)N,-0.16,epinastine,B3DB(CC0)
[Kr],-0.16,7439-90-9,B3DB(CC0)
CCCC(=O)NC1=CC(=C(C=C1)OCC(CNC(C)C)O)C(=O)C,-0.15,acebutolol,B3DB(CC0)
COC1=C(C=C(C=C1)S(=O)(=O)C)CNC2CCCNC2C3=CC=CC=C3,-0.15,145741-95-3,B3DB(CC0)
C1=CC(=CC=C1C2=COC3=C(C2=O)C=CC(=C3)O)O,-0.15,daidzein ok,B3DB(CC0)
CC(=O)/C=C/C1=CC=CS1,-0.14,sr-4688,B3DB(CC0)
CC(C)NC1=C(N=CC=C1)N2CCNCC2,-0.14,u 88703,B3DB(CC0)
CCC1(C(=O)NC(=O)NC1=O)CC,-0.14,barbital,B3DB(CC0)
CCOC(=O)C1=C2CN(C(=O)C3=C(N2C=N1)C=CC(=C3)F)CC[18F],-0.14,fluoroethylflumazenil f-18,B3DB(CC0)
C(CCl)Cl,-0.14,"1,2-dichloroethane",B3DB(CC0)
C1CN(CCC1NC2=CC(=O)OC3=C2C=C(C=C3)Cl)CC4=CC5=C(C=C4)OCC5,-0.14,mchr antagonist 8,B3DB(CC0)
CC(=O)OC,-0.13,methyl acetate,B3DB(CC0)
CC1CCN(CC1)C(=O)C2=CC3=C(C=C2)N(C4=C3CN(CC4)CC5CC5)CC=C,-0.13,chembl1950330,B3DB(CC0)
CC(C)(C1=CC=C(C=C1)O)C2=CC=C(C=C2)O,-0.12,bisphenol a,B3DB(CC0)
C1=CC=C(C=C1)CC2=CNC(=C2[N+](=O)[O-])NCCSCC3=CC=CC=N3,-0.12,chebi: 337303,B3DB(CC0)
CCC#CC(C)C1(C(=O)NC(=O)N(C1=O)C)CC=C,-0.1,151-83-7,B3DB(CC0)
CC(=O)[C@H]1CC[C@@H]2[C@@]1(CC[C@H]3[C@H]2CCC4=CC(=O)CC[C@]34C)C,-0.1,progesterone,B3DB(CC0)
FC1=CC3=C(N2C=NC(C(OC(C)F)=O)=C2CN(C3=O)C)C=C1,-0.1,ffmz,B3DB(CC0)
CN(C)CC1=CC=C(C=C1)C2=CNC(=O)C3=C2C(=CC=C3)O,-0.1,kcl-440,B3DB(CC0)
COCCCN1CCC(CC1)NC(=O)C2=CC(=C(C3=C2OCC3)N)Cl,-0.1,prucalopride,B3DB(CC0)
CS(=O)(=O)C1=CC=C(C=C1)C2=C(C(=O)OC2)C3=CC=CC=C3,-0.1,"rofecoxib, vioxx",B3DB(CC0)
CC1=C(C(=O)N(N1C)C2=CC=CC=C2)I,-0.1,iodoantipyrine,B3DB(CC0)
CC1=C(N=C(C(=N1)C)C)C,-0.1,"2,3,5,6-tetramethylpyrazine",B3DB(CC0)
C(C(Cl)Cl)Cl,-0.1,vinyltrichloride,B3DB(CC0)
C1CC(N(C1)S(=O)(=O)C2=CC3=C(C=C2)C=CN3)CCN4CCC(CC4)OC5=CC=C(C=C5)Cl,-0.1,sb 656104a,B3DB(CC0)
C1C2=CN=C(N2C3=C(C=C(C=C3)Cl)C(=N1)C4=CC=CC=C4F)CO,-0.1,59468-90-5,B3DB(CC0)
CC(C)(C)OC(=O)C1=C2C3CCCN3C(=O)C4=C(N2C=N1)C=CC=C4Br,-0.09,84379-13-5,B3DB(CC0)
CC(C)(C)OC(=O)C1=C2[C@@H]3CCCN3C(=O)C4=C(N2C=N1)C=CC=C4Br,-0.09,bretazenil,B3DB(CC0)
CC(C)(C)OC(=O)C1=C2C3CCCN3C(=O)C4=C(N2C=N1)C=CC(=C4)Br,-0.09,bretazenil,B3DB(CC0)
CC1(NC=C2N1C3=C(C=C(C=C3)Cl)C(=NC2)C4=CC=CC=C4F)O,-0.07,1-hydroxymidazolam,B3DB(CC0)
CCC1(C(=O)NCNC1=O)C2=CC=CC=C2,-0.07,primidone,B3DB(CC0)
CC[C@@]1(C[C@H]2C[C@@](C3=C(CCN(C2)C1)C4=CC=CC=C4N3)(C5=C(C=C6C(=C5)[C@]78CCN9[C@H]7[C@@](C=CC9)([C@H]([C@@]([C@@H]8N6C)(C(=O)OC)O)OC(=O)C)CC)OC)C(=O)OC)O,-0.07,vinblastine,B3DB(CC0)
COC1=C(C2=C(C[C@H]3C4=CC(=C(C=C4CCN3C2)OC)OC)C=C1)OC,-0.07,tetrahydropalmatine,B3DB(CC0)
CC=C,-0.06,propene,B3DB(CC0)
CCCCC(C)C1(C(=O)NC(=O)N(C1=O)C)CC=C,-0.06,5-allyl-1-methyl-5-(1-methylpentyl)barbituric acid,B3DB(CC0)
CN1C2CCC1CC(C2)OC(=O)C(CO)C3=CC=CC=C3,-0.06,l-hyoscyamine,B3DB(CC0)
CN1[C@@H]2CC[C@H]1CC(C2)OC(=O)C(CO)C3=CC=CC=C3,-0.06,atropine,B3DB(CC0)
CCOC1=CC=CC=C1C(=O)N,-0.05,ethenzamide,B3DB(CC0)
CC1=C(C(=O)N(N1C)C2=CC=CC=C2)[18F],-0.05,56924-65-3,B3DB(CC0)
CC1=CC(=O)N(N1C)C2=CC=C(C=C2)F,-0.05,4-fluoroantipyrine,B3DB(CC0)
C1C2CNCC1C3=CC=C(C(=O)N3C2)Br,-0.05,bromocytisine,B3DB(CC0)
C1C2CNC(C1C3=CC=CC(=O)N3C2)Br,-0.05,3-bromocytisine,B3DB(CC0)
C1[C@@H]2CNC([C@H]1C3=CC=CC(=O)N3C2)Br,-0.05,3-bromocytisine,B3DB(CC0)
CCNCC1=CC=C(C=C1)C(=O)NC2=NN(C(=C2)C)CC3=C(C=CC(=C3)Cl)OCC(C)C,-0.05,compound-4h,B3DB(CC0)
CO[C@@H](C(N1C(C=CC(C)=C2)=C2N=C1C(C)(O)C)CC3)CN3CC4CC5=CC=C(C#N)C=C5C4,-0.05,compound-10,B3DB(CC0)
CC1=C(C(=CC=C1)C)NC2=NC=C(N3C2=CN=C3)C4=CC(=CC=C4)OCCN5CCCC5,-0.05,chembl534947,B3DB(CC0)
C1CC(=O)NC(=O)C1N2C(=O)C3=CC=CC=C3C2=O,-0.05,thalidomide,B3DB(CC0)
CC1=CN=C(S1)N=C(N)N,-0.04,ici 17148,B3DB(CC0)
CC1=CSC(=N1)N=C(N)N,-0.04,"b-038, ici17148",B3DB(CC0)
CC1=NC=C(N1)C2=CSC(=N2)N=C(N)N,-0.04,zaltidine,B3DB(CC0)
O,-0.04,water,B3DB(CC0)
C1OC2=C(O1)C=C(C=C2)O,-0.04,sesamol,B3DB(CC0)
C1CCC2=NN=NN2CC1,-0.03,pentylenetetrazole (metrazole),B3DB(CC0)
CC1=NC=C2N1C3=C(C=C(C=C3)Cl)C(=N[C@@H]2O)C4=CC=CC=C4F,-0.03,zinc13282290,B3DB(CC0)
C1CN(CCC1C2=CC=CC=C2)CCCC3=NC4=C(C=CC=C4Cl)C(=O)N3,-0.03,compound-5d,B3DB(CC0)
CCCCO,-0.02,1-butanol,B3DB(CC0)
C(=C(F)F)Cl,-0.02,"1-chloro-2,2-difluoroethylene",B3DB(CC0)
C1CN(CCC1CNC2=CC=CC=N2)C(=O)OCC3=CC=CC=C3,-0.02,chembl218017,B3DB(CC0)
C1CCN(CC1)CC2=CC(=CC=C2)OCCCO,-0.02,bbcpd22 (ranitidine analog) skb34 (propanol33npiperidinylmethylp henoxy),B3DB(CC0)
CC1=C(C=CC(=C1)F)C2CC(CCN2C(=O)N(C)C(C)C3=CC(=CC(=C3)C(F)(F)F)C(F)(F)F)N4CCN(CC4)C(=O)C,-0.01,414910-27-3,B3DB(CC0)
CCC(C)(C)C(=O)O[C@H]1C[C@H](C=C2[C@H]1[C@H]([C@H](C=C2)C)CC[C@@H]3C[C@H](CC(=O)O3)O)C,-0.01,simvastatin,B3DB(CC0)
CCCC(=O)C,-0.01,2-pentanone,B3DB(CC0)
CCCN1CN(C2(C1=O)CCN(CC2)CCCC(=O)C3=CC=C(C=C3)F)C4=CC=C(C=C4)Br,-0.01,bpsp,B3DB(CC0)
CCNC1=C(N=CC=C1)N2CCN(CC2)C(=O)C3=CC4=C(N3)C=CC(=C4)OC,-0.01,atevirdine,B3DB(CC0)
C1=CN(C(=N1)[N+](=O)[O-])CC(CF)O,-0.01,fluoromisonidazole,B3DB(CC0)
C1=CN(C(=N1)[N+](=O)[O-])CC(COCF)O,-0.01,"misonidazole,fluoro",B3DB(CC0)
C1CNC(=NC1)NCCCNCC2CCC3=CC=CC=C3O2,-0.01,alniditan dihydrochloride,B3DB(CC0)
CC1=NN=C2N1C3=C(C=C(C=C3)Cl)C(=NC2)C4=CC=CC=C4,0.0,alprazolam,B3DB(CC0)
C,0.0,methane,B3DB(CC0)
C=CCC(C1=CC=CC=C1C2=NOC3=CC=CC=C32)N,0.0,198968-25-1,B3DB(CC0)
CC12CCC3C(C1CCC2O)CCC4=CC(=O)CCC34C,0.0,testosterone,B3DB(CC0)
CCCCCC1=CC(=C2[C@@H]3C=C(CC[C@H]3C(OC2=C1)(C)C)C)O,0.0,dronabinol,B3DB(CC0)
CCOC(=O)C,0.0,ethyl acetate,B3DB(CC0)
CN1CCC23CCCCC2C1CC4=C3C=C(C=C4)O,0.0,dl-morphan,B3DB(CC0)
CN1CC[C@]23CCCC[C@H]2[C@H]1CC4=C3C=C(C=C4)O,0.0,levorphanol,B3DB(CC0)
COC(=O)[C@H]1[C@@H](C)CC(=CC1=O)Nc2ccc(Cl)cc2,0.0,dm5,B3DB(CC0)
CC1=C(C(=O)N(N1C)C2=CC=CC=C2)N(C)C,0.0,aminophenazone,B3DB(CC0)
CC1=C2C(=NC=C1)N(C3=C(C=CC=N3)C(=O)N2)C4CC4,0.0,129618-40-2,B3DB(CC0)
C1=CC=C2C(C3=CC=CC=C3C=CC2=C1)C(=O)N,0.0,citenamide,B3DB(CC0)
C1CO1,0.01,oxirane,B3DB(CC0)
CCCCCCCC1(C(=O)NC(=O)NC1=O)CC,0.02,"5-ethyl-5-heptyl-1,3-
diazinane-2,4,6-trione",B3DB(CC0)
CO,0.02,methanol,B3DB(CC0)
N#N,0.03,nitrogen,B3DB(CC0)
[Ar],0.03,argon,B3DB(CC0)
[N-]=[N+]=O,0.03,nitrous oxide,B3DB(CC0)
NN,0.03,nitrogen,B3DB(CC0)
CC(C)CCO,0.04,3-methyl-1-butanol (isopentanol),B3DB(CC0)
CCC(C)CO,0.04,2-methyl-1-butanol,B3DB(CC0)
CCC(CC(=O)N)(C1=CC=CC=C1)O,0.04,hepp (beta-ethyl-beta-hydroxybenzenepropanamide) (3-hydroxy-3-phenylpentamide),B3DB(CC0)
C(=C/Cl)\Cl,0.04,"trans-1,2-dichloroethylene",B3DB(CC0)
CCC1(CNC(=O)NC1=O)CCC(C)C,0.04,"5-ethyl-5-isopentyl-5,6-dihydropyrimidine-2,4(1h,3h)-dione",B3DB(CC0)
CC(C)(C)/[N+](=C\C1=CC=CC=C1)/[O-],0.05,phenyl-n-tert-butylnitrone (cid 10313352),B3DB(CC0)
CC(C)(C)[N+](=CC1=CC=CC=C1)[O-],0.05,phenyl-n-tert-butylnitrone,B3DB(CC0)
CCN(CC)CCOC(=O)C1=CC=C(C=C1)N,0.05,procaine,B3DB(CC0)
CN1CCC(CC1)N2C(=O)C=CC(=N2)C3=C4C=CC=CN4N=C3C5=CC=CC=C5,0.06,compound 32,B3DB(CC0)
CN1CN=C2C1C(=O)N(C(=O)N2)C,0.06,paraxanthine,B3DB(CC0)
CN1C=NC2C1C(=O)N(C(=O)N2)C,0.06,paraxanthine,B3DB(CC0)
CCC(C)(C)O,0.07,amylene-hydrate (tertiary-amyl alcohol),B3DB(CC0)
C1CN(CCC12C(=O)NCN2C3=CC=C(C=C3)Br)CCCC(=O)C4=CC=C(C=C4)F,0.07,p-bromospiperone,B3DB(CC0)
CC(C)N1CCC(CC1)COC2=NC(=NC(=C2C(=O)NC)NCC3CCC4(CCC4)CC3)C#N,0.08,irie-16a,B3DB(CC0)
CC12CCN(C1N(C3=C2C=C(C=C3)OC(=O)NC)C)C,0.08,"1,3a,8-trimethyl-1,2,3,3a,8,8a-hexahydropyrrolo[2,3-b]indol-5-yl methylcarbamate",B3DB(CC0)
Oc1cc(OCCCCOc2ccc(CCC(O)=O)c(OCC)c2)ccc1C(CC(C)C)=O,0.08,cube-8,B3DB(CC0)
CC1=C(C(C(=C(N1)C)C(=O)OC(C)C)C2=CC(=CC=C2)[N+](=O)[O-])C(=O)OCCOC,0.08,nimodipine,B3DB(CC0)
C(C(Cl)(Cl)Cl)F,0.08,"1,1,1-trichloro-2-fluoroethane",B3DB(CC0)
CCCC1(C(=O)NC(=O)NC1=O)CC,0.09,"5-propyl-5-ethyl barbituric acid (5-ethyl-5-propyl-1,3-diazinane-2,4,6-trione)",B3DB(CC0)
CCCCCC1(C(=O)NC(=O)NC1=O)CC,0.09,5-ethyl-5-pentylbarbituric acid,B3DB(CC0)
CCN(CC)CCCC(=O)C1=CC(=C(C=C1OC)N)Cl,0.09,1-(4-amino-5-chloro-2-methoxyphenyl)-4-(diethylamino)butan-1-one,B3DB(CC0)
COC1=CC=CC=C1N2CCN(CC2)CCN(C3=CC=CC=N3)C(=O)C4=CC=C(C=C4)F,0.09,mppf,B3DB(CC0)
CN1C(=O)CN=C(C2=C1C=CC(=C2)[N+](=O)[O-])C3=CC=CC=C3F,0.1,1622-62-4,B3DB(CC0)
CN1C=NC2=C1C(=O)N(C(=O)N2)C,0.1,paraxanthine,B3DB(CC0)
C[C@@]12CCN([C@@H]1N(C3=C2C=C(C=C3)OC(=O)NC)C)C,0.1,eserine,B3DB(CC0)
C1=CC(=C(C=C1O)C(=O)O)[O-],0.1,"2,5-dihydroxybenzoic acid",B3DB(CC0)
CC(C)(C)C#C/C=C/C[NH+](C)CC1=CC=CC2=CC=CC=C21,0.1,terbinafine,B3DB(CC0)
COC1=CC2=C(C=CN=C2C=C1)C(C3CC4CCC3CC4C=C)O,0.1,quinidine (quinine),B3DB(CC0)
C=COCC(F)(F)F,0.1,fluoromar,B3DB(CC0)
CC1(CN(C(=O)NC1=O)C)C2=CCCCC2,0.1,schembl15974503,B3DB(CC0)
C[C@@H](C1=CC2=C(C=C1)C=C(C=C2)OC)C(=O)O,0.1,naproxen,B3DB(CC0)
C1CCN(CC1)CC2=CC(=CC=C2)OCCCNC3=NC4=CC=CC=C4S3,0.1,zolantidine; 41,B3DB(CC0)
CC(C)(C)O,0.11,tert-butylalcohol,B3DB(CC0)
CC1=CC(=NN1C2=CC(=C(C=C2)OC)CNC3CCCNC3C4=CC=CC=C4)C,0.11,pfizer compound 20,B3DB(CC0)
CN1CC[C@]23[C@@H]4C(=O)CC[C@]2([C@H]1CC5=C3C(=C(C=C5)OC)O4)O,0.11,oxycodone,B3DB(CC0)
C[N+]1=C2C3C(CCN2C(=O)C4=CC=CC=C41)C5=CC=CC=C5N3,0.11,dehydroevodiamine,B3DB(CC0)
CC1=NC2=C(C=C1)C(=CC=C2)OCCN3CCC(CC3)CC4=CC5=C(C=C4)OCC(=O)N5C,0.11,chembl246597,B3DB(CC0)
C1C=NC(N1)NC2=C(C=CC=C2Cl)Cl,0.11,184886-95-1,B3DB(CC0)
C(C(F)(F)F)(OC(F)F)F,0.11,desflurane (suprane),B3DB(CC0)
C1=C2C=NN(C2=CC(=C1Cl)Cl)CCN,0.11,"2-(5,6-dichloroindazol-1-yl)ethanamine",B3DB(CC0)
CCCOC(=O)C,0.12,propyl acetate ,B3DB(CC0)
C=COCCCCOC=C,0.12,3891-33-6,B3DB(CC0)
C(=C/F)\O/C=C/F,0.13,s111,B3DB(CC0)
C1CN(CCC1CNC2=CC=NC=C2)C(=O)OCC3=CC=CC=C3,0.13,chembl219060,B3DB(CC0)
C1CN(CCC1NC2=CC(=O)OC3=C2C=C(C=C3)Cl)C/C=C/C4=CC=CC=C4,0.13,mchr antagonist 2',B3DB(CC0)
CCN(CC)CCNC(=O)C1=CC(=C(C=C1)N)Cl,0.14,declopramide,B3DB(CC0)
CC1=CC(=NN1CC2=C(C=CC(=C2)Cl)OCC3=CC=CC=C3)C(=O)NC4=CC=C(C=C4)CNC,0.15,compound-10b,B3DB(CC0)
C1=CC(=C(C=C1Cl)Cl)OCC(=O)O,0.15,"2,4-dichlorophenoxyacetic acid",B3DB(CC0)
CC1=CC(=C(C=C1)C)C,0.16,"1,2,4-trimethylbenzene",B3DB(CC0)
C1CN=C(N1)NC2=C(C=C(C=C2)Cl)Cl,0.16,st 363,B3DB(CC0)
C1CC(=O)N(C1)CCCCN2CCN(CC2)C3=NC=CC(=C3)C(F)(F)F,0.16,org13011,B3DB(CC0)
CCC(C)(C)OC,0.17,tert-amylmethylether,B3DB(CC0)
C1=CC(=CC=C1C(F)(F)F)Cl,0.17,4-chlorobenzotrifluoride,B3DB(CC0)
CC1=CC(=NN=C1N2CCN(CC2)C3=NC=CC=N3)C4=CC=CC=C4,0.18,minozac free base,B3DB(CC0)
CCOC1=CC=C(C=C1)C2=NN3C(=C2C4=CC=C(C=C4)S(=O)(=O)C)C=CC=N3,0.18,gw406381,B3DB(CC0)
O=S1(c2ccccc2C(N1CCCCN[C@H]3CCc4ccccc4O3)=O)=O,0.18,repinotan,B3DB(CC0)
CCCCC1(C(=O)NC(=O)NC1=O)CC,0.19,5-butyl-5-ethyl barbituric acid (butethal),B3DB(CC0)
CN1CCCCC1CCN2C3=CC=CC=C3SC4=C2C=C(C=C4)S(=O)(=O)C,0.2,sulforidazine,B3DB(CC0)
CCCC(C)C1(C(=O)NC(=O)NC1=O)CC=C,0.2,secobarbital,B3DB(CC0)
CCC[C@@H](C)C1(C(=O)NC(=O)NC1=O)CC=C,0.2,secobarbital,B3DB(CC0)
CCCCCO,0.2,1-pentanol,B3DB(CC0)
CN(C)CC1=CC=CC=C1SC2=C(C=C(C=C2)F)N,0.2,chembl190860,B3DB(CC0)
CN1CC2=C3C4C(CC(C=C4C1)O)OC3=C(C=C2)OC,0.2,schembl10031243,B3DB(CC0)
C1=CC=C2C(=C1)C(=NN=C2NC3=CC=C(C=C3)Cl)CC4=CC=NC=C4,0.2,"ptk-787, vatalanib",B3DB(CC0)
[C@@H](C(OC(F)F)(F)F)(F)Cl,0.2,(r)-enflurane,B3DB(CC0)
[Ne],0.2,7440-01-9,B3DB(CC0)
CCOC(C)(C)C,0.22,ethyl t-butyl ether,B3DB(CC0)
CC1(C2=CC=CC=C2C(S1)(CCCNC)C3=CC=CC=C3)C,0.22,talsupram,B3DB(CC0)
CN1CC[C@]23CCCC[C@@H]2[C@H]1CC4=C3C=C(C=C4)OC,0.22,dextromethorphan,B3DB(CC0)
C1CCN(CC1)CC2=CC(=CC=C2)OCCCNC3=NC4=CC=CC=C4O3,0.22,"b-066, skb-42",B3DB(CC0)
CN1C2CC(CC1C3C2O3)OC(=O)C(CO)C4=CC=CC=C4,0.23,scopolamine,B3DB(CC0)
CN1C2CC(CC1C3C2O3)OC(=O)[C@@H](CO)C4=CC=CC=C4,0.23,scopolamide (scopolamine),B3DB(CC0)
CC1=C(C(=CC=C1)C)NC2=NC=C(N3C2=CN=C3)C4=CC=C(C=C4)OCCN5CCCC5,0.23,compound 14b,B3DB(CC0)
C1=CC2=C3C(=C1)C=CC4=CC=CC(=C43)C=C2,0.23,pyrene,B3DB(CC0)
CCCCCCCCC1(C(=O)NC(=O)NC1=O)CC,0.24,5-octyl-5-ethyl barbituric acid,B3DB(CC0)
COC1=C(C=C(C=C1)N2C(=NN=N2)C(F)(F)F)CNC3CCCNC3C4=CC=CC=C4,0.24,"gr 205171, vofopitant",B3DB(CC0)
CCCN(CCC)CCC1=CC2=C(C=C1)NC(=O)C2,0.25,chembl368590,B3DB(CC0)
C1CN(CCC12C(=O)NCN2C3=CC=CC=C3)CCCC(=O)C4=CC=C(C=C4)F,0.26,spiperone,B3DB(CC0)
CCCN1CCOC2C1CCC3=C2C=C(C=C3)O,0.26,"(+)-4-propyl- 3,4,4a,5,6,10b-hexahydro- 2h-naphtho[1,2-b][1,4]oxazin-9-ol",B3DB(CC0)
C(C(F)(F)F)(F)Br,0.27,teflurane,B3DB(CC0)
Nc1c2c(NC(C)C(c3ccccc3)=N2)cc(CC(OCC)=O)n1,0.27,nsc 350386,B3DB(CC0)
CCOC(=O)C1=CC=C(C=C1)N,0.27,ethyl 4-aminobenzoate (benzocaine),B3DB(CC0)
C(C(F)Br)C(F)(F)F,0.27,lin_train_55,B3DB(CC0)
CCCCOC(=O)C,0.28,butyl acetate,B3DB(CC0)
CC1CN2C3=C(CN1CC=C(C)C)C=C(C=C3NC2=S)Cl,0.28,r82913,B3DB(CC0)
C1C=NC(C)=C1CC(C2=O)CCc3n(C)c(c4c23)cccc4,0.28,ondansetron,B3DB(CC0)
C1=CC(=C(C=C1Cl)Cl)/C(=C/N2C=NC=N2)/Cl,0.28,loreclezole,B3DB(CC0)
CC(C)(C)C1=NC(=CC(=N1)N2CCN(CC2)CCCSC3=NC=CC(=O)N3)C(F)(F)F,0.3,364079-69-6,B3DB(CC0)
CCC(C1=CC=CC=C1)NC(=O)C2=C(C(=NC3=CC=CC=C32)C4=CC=CC=C4)C,0.3,sb-222200,B3DB(CC0)
CCCN1CC(CC2C1CC3=CNC4=CC=CC2=C34)CSC,0.3,66104-22-1,B3DB(CC0)
CCCN1C[C@@H](C[C@H]2[C@H]1CC3=CNC4=CC=CC2=C34)CSC,0.3,pergolide,B3DB(CC0)
CC[C@@H](C1=CC=CC=C1)NC(=O)C2=C(C(=NC3=CC=CC=C32)C4=CC=CC=C4)C,0.3,sb222200,B3DB(CC0)
CC1=CC(=NN=C1NCCN2CCOCC2)C3=CC=CC=C3,0.3,minaprine,B3DB(CC0)
CC1=CC(=NN1CC2=C(C=CC(=C2)Cl)OCC(C)C)NC(=O)C3=CC=C(C=C3)CN4CCCC4,0.3,chembl481689,B3DB(CC0)
CC1=CN(C=N1)C2=CC=CC(=C2)NC3=NC=NC4=C3CCC5=CC=CC=C54,0.3,fr260010,B3DB(CC0)
C(OC(C(F)(F)F)C(F)(F)F)F,0.3,sevoflurane,B3DB(CC0)
C1=CC2=C(C=C1OC(F)(F)F)SC(=N2)N,0.3,riluzole,B3DB(CC0)
C=C,0.3,ethylene,B3DB(CC0)
CCCCN1CC2CC3=CC(=C(C=C3C2C1)OC)OC.Cl,0.31,ar-1d9859,B3DB(CC0)
CN1CCC23C=CC(CC2OC4=C(C=CC(=C34)C1)OC)O,0.32,357-70-0,B3DB(CC0)
CN1CC[C@@]23C=C[C@@H](C[C@@H]2OC4=C(C=CC(=C34)C1)OC)O,0.32,galanthamine,B3DB(CC0)
Cc(n1)sc(c12)cc(OC(C)C)c(c2)CNC(CCCN3)C3c4ccccc4,0.32,163257-88-3,B3DB(CC0)
C1CC(NC1)C2=CN=CC=C2,0.32,494-97-3,B3DB(CC0)
CN1CC[C@]23[C@@H]4[C@H]1CC5=C2C(=C(C=C5)OC)O[C@H]3C(=O)CC4,0.32,hydrocodone,B3DB(CC0)
CC1=CN(N=C1)C2CCN(CC2)C3=NC4=CC=CC=C4N3CC5=CC=C(C=C5)F,0.32,antihistamine-1,B3DB(CC0)
C1C(C2=CC=CC=C2CN1)O,0.32,4-oh-tiq,B3DB(CC0)
C1C[C@H](NC1)C2=CN=CC=C2,0.32,494-97-3,B3DB(CC0)
C1CN=C(N1)NC2=C(C=CC=C2Br)Br,0.33,4205-93-0,B3DB(CC0)
C(C(Cl)(Cl)Cl)Cl,0.33,1.1.1.2-tetrachloroethane,B3DB(CC0)
CCN(CC)CC(=O)NC1=C(C=CC=C1C)C,0.34,lidocaine,B3DB(CC0)
C(C(Cl)Br)C(F)(F)F,0.35,lin_train_45,B3DB(CC0)
FC(F)(F)CCC(Cl)Br,0.35,"4-bromo-4-chloro-1,1,1- trifluoro-butane",B3DB(CC0)
CCCCCCC1(C(=O)NC(=O)NC1=O)CC,0.36,5-hexyl-5-ethyl barbituric acid,B3DB(CC0)
CCOC(=O)NC1=NC(=C2C(=C1)NCC(=N2)CN(C)C3=CC=C(C=C3)OC)N,0.36,nsc 269416,B3DB(CC0)
CC(C)(C)OC,0.36,tert-butylmethylether,B3DB(CC0)
COC1=C(C=C(C=C1)C2=NC=CS2)CNC3CCCNC3C4=CC=CC=C4,0.36,161499-49-6,B3DB(CC0)
CC1=CC=C(C=C1)CN2C3=CC=CC=C3N=C2[C@H]4CNCCO4,0.36,chembl1935441,B3DB(CC0)
CC1=NC(=C2CCN(C2=N1)C3=C(C=C(C=C3)Cl)Cl)N4C=CC(=N4)C(F)(F)F,0.36,compound-4fi,B3DB(CC0)
C1CC(=CC1N2CCC(CC2)C3=CC=CC=C3)C4=NC5=C(C=CC=C5Cl)C(=O)N4,0.36,compound-s16d,B3DB(CC0)
CNC(=O)C1=C(N=C(N=C1OCC2CCN(CC2)C)C#N)NCC3CCC4(CCC4)CC3,0.37,chembl515025,B3DB(CC0)
COC1=CC=CC=C1CNC2C3CCN(C2C(C4=CC=CC=C4)C5=CC=CC=C5)CC3,0.37,135095-42-0,B3DB(CC0)
C(=C(Cl)Cl)(Cl)Cl,0.37,tetrachloroethylene,B3DB(CC0)
CC(C)(C)NCC(COC1=CC=CC=C1C#N)O,0.38,bunitrolol,B3DB(CC0)
Clc1ccc(Cl)c(c1)[NH+]=C2NCCN2,0.38,tz-11,B3DB(CC0)
C1CCN(CC1)CCN2C(=O)C=CC(=N2)C3=C4C=CC=CN4N=C3C5=CC=CC=C5,0.38,141060-39-1,B3DB(CC0)
CC(C)NCC(COC1=CC=C(C=C1)CCOCC2CC2)O,0.39,betaxolol,B3DB(CC0)
COC1=CC2=C(C(=C1)CNC3CCCNC3C4=CC=CC=C4)OCC2,0.39,l015600,B3DB(CC0)
C1C2C(CN1)C3=C(C=CC(=C3)Cl)OC4=CC=CC=C24,0.39,128915-56-0,B3DB(CC0)
[H]C12c3cc(Cl)ccc3Oc4ccccc4C1([H])CNCC2,0.39,"b-106, org30526",B3DB(CC0)
C1C[C@H](CNC1)C2=NC3=CC=CC=C3N2CC4=CC=C(C=C4)F,0.39,chembl1935437,B3DB(CC0)
FS(F)(F)(F)(F)F,0.4,elegas,B3DB(CC0)
CC1=CC=CC=C1C,0.4,xylene,B3DB(CC0)
CC(C)OC(=O)C,0.4,isopropyl acetate,B3DB(CC0)
O=C1CCC2=C(CC(C)C3C2CCC4C3CCC4(O)C#C)C1,0.4,tibolone,B3DB(CC0)
CC1CC2=C(CCC(=O)C2)C3C1C4CCC(C4(CC3)C)(C#C)O,0.4,tibolone,B3DB(CC0)
C[C@@H]1CC2=C(CCC(=O)C2)[C@@H]3[C@@H]1[C@@H]4CC[C@]([C@]4(CC3)C)(C#C)O,0.4,tibolone,B3DB(CC0)
CCCCCOC(=O)C,0.4,pentyl acetate,B3DB(CC0)
CC(C)OC1=C(C=C(C=C1)OC(F)(F)F)CNC2CCCNC2C3=CC=CC=C3,0.41,pfizer compound 11,B3DB(CC0)
C[C@@H]1CN(C[C@@H](N1)C)C2=C(C(=C3C(=C2F)N(C=C(C3=O)C(=O)O)C4CC4)N)F,0.41,sparfloxacin,B3DB(CC0)
C1CN=C(N1)NC2=C(C=C(C=C2Cl)Br)Cl,0.41,tz-21,B3DB(CC0)
CCCCOC(=O)C1=CC=C(C=C1)N,0.42,butyl 4-aminobenzoate (butamben),B3DB(CC0)
COC1=CC(=C(C=C1)C=C2CCCN=C2C3=CN=CC=C3)OC,0.42,148372-04-7,B3DB(CC0)
CC(C)(C)C1=CC=CC=C1,0.43,tert-butylbenzene,B3DB(CC0)
CN(C)C1=C2C3=C(C(=O)N(C=N3)N4CCCCCC4)SC2=NC=C1,0.43,869802-58-4,B3DB(CC0)
CN1CCC[C@H](C1)C2=NC3=CC=CC=C3N2CC4=CC=C(C=C4)F,0.43,chembl1095819,B3DB(CC0)
C1=CC(=C(C=C1C(=O)NC2=CN=C(C=C2)Cl)F)F,0.44,ica-27243,B3DB(CC0)
C1CCN(CC1)CC2=CC(=CC=C2)OCCCNC3=NC=CS3,0.44,chebi: 338961,B3DB(CC0)
CC(C)COC(=O)C,0.45,isobutyl acetate,B3DB(CC0)
C=CC1=CC=CC=C1,0.45,styrene,B3DB(CC0)
CCC(=O)OC(CC1=CC=CC=C1)(C2=CC=CC=C2)[C@H](C)CN(C)C,0.46,propoxyphene,B3DB(CC0)
CN1CN(C2(C1=O)CCN(CC2)CCCC(=O)C3=CC=C(C=C3)F)C4=CC=CC=C4,0.46,n-methylspiperone,B3DB(CC0)
CC(C)(C)C1=CC(=C(C=C1)OC)CNC2C3CCN(C2C(C4=CC=CC=C4)C5=CC=CC=C5)CC3,0.46,147116-67-4,B3DB(CC0)
C1CN=C(N1)NC2=C(C=C(C=C2Cl)Cl)Cl,0.47,21571-08-4,B3DB(CC0)
CCC(C)N(C)C(=O)C1=CC2=CC=CC=C2C(=N1)C3=CC=CC=C3Cl,0.48,pk 11195,B3DB(CC0)
CC1=NC2=C(S1)C=C(C(=C2)CNC3CCCNC3C4=CC=CC=C4)OC,0.48,pfizer compound 17,B3DB(CC0)
CC(C)C1=CC(=C(C=C1)OC)CNC2C3CCN(C2C(C4=CC=CC=C4)C5=CC=CC=C5)CC3,0.48,pfizer compound 1,B3DB(CC0)
CCN(CC)CC1=CC2=C(CC(CC2)N3CCN(CC3=O)CCC4=CC=C(C=C4)F)C=C1,0.48,chembl506480,B3DB(CC0)
C1CN(CCN1)C2=C(C=CC3=C2C=CN3S(=O)(=O)C4=CC(=CC=C4)Cl)Cl,0.48,chembl193400,B3DB(CC0)
C1=CC=C2C(=C1)C3=C(N2)C=NC=C3,0.48,"9h-pyrido[3,4-b]indole",B3DB(CC0)
CCC1=C(C(=NC(=N1)N)N)C2=CC=C(C=C2)Cl,0.49,pyrimethamine,B3DB(CC0)
CC1=NC2=C(O1)C=C(C(=C2)CNC3CCCNC3C4=CC=CC=C4)OC,0.49,pfizer compound 19,B3DB(CC0)
CN1CCN2C(C1)C3=CC=CC=C3CC4=C2N=CC=C4,0.5,mirtazapine,B3DB(CC0)
CN(C)CCN(CC1=CC=C(C=C1)OC)C2=CC=CC=N2,0.5,mepyramine (pyrilamine),B3DB(CC0)
C1C(=O)NC2=C(C(=CC=C2)Cl)C(=N1)C3=CC=CC=C3,0.5,chembl351067,B3DB(CC0)
CCCCCCCCC,0.52,nonane,B3DB(CC0)
CC1=C2C(=CC=C1)C3CNCCC3(C4=CC=CC=C4O2)O,0.52,org-32104,B3DB(CC0)
C1CNCC([C@@H]1C2=CC=C(C=C2)F)COC3=CC4=C(C=C3)OCO4,0.52,schembl12537969,B3DB(CC0)
CNCCCN1C2=C(CCC3=CC=CC=C31)C=C(C=C2)O,0.53,1977-15-7,B3DB(CC0)
CCCOC(=O)C1=CC=C(C=C1)N,0.55,propyl-4-aminobenzoate,B3DB(CC0)
FCCC2=CC(N)=C(C=C2)SC1=CC=CC=C1N(C)C,0.55,afe,B3DB(CC0)
CC(C)CCOC(=O)C,0.55,isopentylacetate ,B3DB(CC0)
CN1CC[C@]23[C@@H]4[C@H]1CC5=C2C(=C(C=C5)OC)O[C@H]3[C@H](CC4)O,0.55,dihydrocodeine,B3DB(CC0)
CC(C)Br,0.56,2-bromopropane,B3DB(CC0)
C1CC(CCC1CCN2CCC3=C(C2)C=CC(=C3)C#N)NC(=O)C4=CC=NC5=CC=CC=C45,0.56,sb-277011a,B3DB(CC0)
C1CNCC2=CC=CC=C21,0.56,nsc 15312,B3DB(CC0)
C[C@H](CC1=CC=CC=C1)N(C)CC#C,0.57,selegiline,B3DB(CC0)
COC1=CC2=C(C=C1)NN=C2NC3CCN(CC3)CC4=CC5=C(C=C4)OCO5,0.57,chembl371222,B3DB(CC0)
CC1=CC(=O)N(C=C1)CCCCN2CCN(CC2)C3=NC(=NC(=C3)C(F)(F)F)C(C)(C)C,0.57,chembl382773,B3DB(CC0)
CC3=NN=C4CN=C(C2CC(CCC2N34)Cl)C1=CC=CC=C1Cl,0.57,triazolam,B3DB(CC0)
C1CC2=C(C=CC(=C2)F)OC1C(CNCC(C3CCC4=C(O3)C=CC(=C4)F)O)O,0.57,nebivolol,B3DB(CC0)
C1CN=C(N1)NC2=C(C=C(C=C2Br)Br)Br,0.58,tz-19,B3DB(CC0)
CC(CF)NC[C@@H](COC1=CC=CC2=C1C3=CC=CC=C3N2)O,0.58,(s)-flurocarazolol,B3DB(CC0)
C1=CC=C(C=C1)C2=NC(C(=O)NC3=C2C=C(C=C3)Cl)O,0.6,604-75-1,B3DB(CC0)
CNCCCN1C2=CC=CC=C2SC3=CC=CC=C31,0.6,desmonomethylpromazine,B3DB(CC0)
CN1C2CCC1C(C(C2)OC(=O)C3=CC=CC=C3)C(=O)OC,0.6,cocaine,B3DB(CC0)
CC1C2=C(C=CC=C2Cl)NC(=NCC(F)F)N1,0.6,5-hydroxytryptamine (5-ht) receptor ligand 1b,B3DB(CC0)
CCC12CCN(C(C1(C)C)CC3=C2C=C(C=C3)O)CC4(CC4)O,0.6,bremazocine,B3DB(CC0)
CCCCC1CCN(CC1)CCCN2C(=O)CCC3=CC=CC=C32,0.6,77-lh-28-1,B3DB(CC0)
CN1C2CCC1[C@H]([C@H](C2)OC(=O)C3=CC=CC=C3)C(=O)OC,0.6,benzoylmethylecgonine,B3DB(CC0)
C1CN(CCN1)C2=NC3=CC=CC=C3OC4=C2C=C(C=C4)Cl,0.6,amoxapine,B3DB(CC0)
C(=S)=S,0.6,carbon disulfide,B3DB(CC0)
C1CN(CCN1)C2=NC=CC=N2,0.6,1-(2-pyrimidinyl)-piperazine,B3DB(CC0)
CC(C)(C)C1CCCCC1,0.61,tert-butylcyclohexane,B3DB(CC0)
Clc1ccc(N2)c(C(C)=NC(O)C2=O)c1,0.61,oxazepam,B3DB(CC0)
COC1=C(C=C(C=C1)C2CC(=O)NC2)OC3CCCC3,0.61,rolipram,B3DB(CC0)
COC1=CC2=C(C=C1CNC3CCCNC3C4=CC=CC=C4)N=C(S2)C5CC5,0.62,pfizer compound 24,B3DB(CC0)
CN(C)CC(C1=CC=C(C=C1)OC)C2(CCCCC2)O,0.62,venlafaxine,B3DB(CC0)
COC1=C(C=C(C=C1)OC(F)(F)F)CNC2CCCNC2C3=CC=CC=C3,0.63,145877-52-7,B3DB(CC0)
C1CCNC(C1)C(C2=CC(=NC3=C2C=CC=C3C(F)(F)F)C(F)(F)F)O,0.63,mefloquine,B3DB(CC0)
CCC(C)Nc1c(I)ccc(c1)NC(C)CC,0.64,"4-iodo-n,n'-isopropyl-m- xylenediamine",B3DB(CC0)
CC(C1=CC=CC=C1)(C2=CC=CC=N2)OCCN(C)C,0.64,doxylamine,B3DB(CC0)
C[C@](C1=CC=CC=C1)(C2=CC=CC=N2)OCCN(C)C,0.64,doxylamine,B3DB(CC0)
C1CN(CCN1CC2=C3C=CC=CN3N=C2)C4=CC=C(C=C4)Cl,0.64,fauc-113,B3DB(CC0)
CCC1=C(C(=NC(=N1)N)N)C2=CC(=C(C=C2)Cl)Cl,0.65,etoprine,B3DB(CC0)
CCCCCCCCCC,0.67,decane,B3DB(CC0)
CCCCCCCC,0.69,octane,B3DB(CC0)
C1CCN(CC1)CC2=CC(=CC=C2)OCCCNC3=CC=CC=N3,0.69,chembl142149,B3DB(CC0)
C1CC2=CC=CC=C2NC1,0.7,"1,2,3,4-tetrahydroquinoline",B3DB(CC0)
CNC(=O)C1=C(N=C(N=C1OCCO)C#N)NCC2CCC3(CCC3)CC2,0.7,irie-13b,B3DB(CC0)
C1CN(CCN1CCCN2C3=CC=CC=C3SC4=C2C=C(C=C4)Cl)CCO,0.7,perphenazine,B3DB(CC0)
C1CN(CCN1CCOCCO)C2=NC3=CC=CC=C3SC4=CC=CC=C42,0.7,quetiapine,B3DB(CC0)
CCCCCCC=C,0.74,1-octene,B3DB(CC0)
COC1=CC=CC(=C1)CC2CCN(CC2)C3CCC(CC3)(C4=CC5=C(C=C4)OCO5)OC,0.74,bms-184111,B3DB(CC0)
CC1=NC=C2N1C3=C(C=C(C=C3)Cl)C(=NC2)C4=CC=CC=C4Cl,0.74,climazolam,B3DB(CC0)
CSC1=CC2=C(C=C1)SC3=CC=CC=C3N2CCC4CCCNC4,0.75,northioridazine,B3DB(CC0)
C1CO[C@H](CN1)C2=NC3=CC=CC=C3N2CC4=CC=C(C=C4)F,0.77,9b,B3DB(CC0)
CC1=CC2=C(NC3=CC=CC=C3N=C2S1)N4CCN(CC4)C,0.78,olanzapine,B3DB(CC0)
CN(C1CCN(CC1)CC(COC2=CC=C(C=C2)F)O)C3=NC4=CC=CC=C4S3,0.78,sabeluzole,B3DB(CC0)
COC1=C(C=CC(=C1)N2C=NC3=C(C2=O)SC(=C3)C4=CC=C(C=C4)Cl)OCCN5CCCC5,0.78,515141-51-2,B3DB(CC0)
COCCCC/C(=N/OCCN)/C1=CC=C(C=C1)C(F)(F)F,0.79,fluvoxamine,B3DB(CC0)
COCCCC/C(=N\OCCN)/C1=CC=C(C=C1)C(F)(F)F,0.79,fluvoxamine,B3DB(CC0)
COCCCCC(=NOCCN)C1=CC=C(C=C1)C(F)(F)F,0.79,(z) fluvoxamine,B3DB(CC0)
CSC1=CC2=C(C=C1)SC3=CC=CC=C3N2CCC4CCCCN4,0.8,northioridazine,B3DB(CC0)
CN1CCN(CC1)C2=NC3=CC=CC=C3OC4=C2C=C(C=C4)Cl,0.8,loxapine,B3DB(CC0)
CCC1=CC=C(C=C1)C2=CC=C(C=C2)C(=O)N(C)C3CCN(C3)C(=O)N4CCC(C4)N5CCCCC5,0.81,mchr antagonist 23c,B3DB(CC0)
CC1=C(C(=NC(=N1)N)N)C2=CC(=C(C=C2)Cl)Cl,0.81,metoprine,B3DB(CC0)
C1[C@@H]([C@H]1N)C2=CC=C(C=C2)F,0.81,( + )-4-fluorotranylcypromine,B3DB(CC0)
CC1=C2C(=CC=C1)C3CN(CCC3(C4=CC=CC=C4O2)O)C,0.82,org4428,B3DB(CC0)
CC1=C2C(=CC=C1)[C@@H]3CN(CC[C@@]3(C4=CC=CC=C4O2)O)C,0.82,beloxepin,B3DB(CC0)
CCCC(=O)C1=CC2=C(C=C1)SC3=CC=CC=C3N2CCCN4CCN(CC4)C,0.83,butaperazine,B3DB(CC0)
CC1CCN(CC1)CCCC(=O)C2=CC=C(C=C2)F,0.83,melperone,B3DB(CC0)
C1CN(CCC1NC2=NNC3=C2C=C(C=C3)Cl)CC4=CC5=C(C=C4)OCO5,0.83,mchr antagonist 19,B3DB(CC0)
CCOC(=O)C1(CCN(CC1)C)C2=CC=CC=C2,0.85,meperidine,B3DB(CC0)
C1CCN(CC1)CCC(C2CC3CC2C=C3)(C4=CC=CC=C4)O,0.85,biperiden,B3DB(CC0)
CC(C)(C)C1=NC2=C(S1)C=C(C(=C2)CNC3CCCNC3C4=CC=CC=C4)OC,0.85,pfizer compound 21,B3DB(CC0)
CCCCCCCC=C,0.86,1-nonene,B3DB(CC0)
CCCCC(C)C,0.86,2-methyl heptane,B3DB(CC0)
COC1=CC=CC=C1CNC2CCCNC2C3=CC=CC=C3,0.87,145148-39-6,B3DB(CC0)
CCN(C)C(=O)OC1=CC=CC(=C1)C(C)N(C)C,0.88,105601-20-5,B3DB(CC0)
CCN(C)C(=O)OC1=CC=CC(=C1)[C@H](C)N(C)C,0.88,rivastigmine,B3DB(CC0)
C1CC(C(NC1)C2=CC=CC=C2)NCC3=C(C=CC(=C3)OC(F)(F)F)OC(F)F,0.88,145742-22-9,B3DB(CC0)
C1CS[C@H](CN1)C2=NC3=CC=CC=C3N2CC4=CC=C(C=C4)F,0.89,chembl1935446,B3DB(CC0)
CCCC(C)CC,0.9,3-methylhexane (2- ethylpentane),B3DB(CC0)
CC[CH]C(=C)CC,0.9,3-methylhexane,B3DB(CC0)
CC1CCCC1,0.9,methylcyclopentane,B3DB(CC0)
CCN(CC)CCNC(=O)C1=CC(=C(C=C1OC)N)Cl,0.9,metoclopramide,B3DB(CC0)
CC(C)(C)C1=CC(=CC(=C1O)C(C)(C)C)CN2CCN(CC2)CC(C3=CC=C(C=C3)Cl)O,0.91,am-36,B3DB(CC0)
CC/C(=C(/C1=CC=CC=C1)\C2=CC=C(C=C2)OCCN(C)C)/C3=CC=CC=C3,0.92,(e)-tamoxifen,B3DB(CC0)
CCC(=C(C1=CC=CC=C1)C2=CC=C(C=C2)OCCN(C)C)C3=CC=CC=C3,0.92,"2-[4-(1,2-diphenylbut-1-enyl)phenoxy]-n,n-dimethylethanamine",B3DB(CC0)
CC(C)C1=CC(=C(C=C1)OC)CNC2CCCNC2C3=CC=CC=C3,0.92,pfizer compound 8,B3DB(CC0)
CC(CC1=CC=CC=C1)N,0.93,amphetamine,B3DB(CC0)
C[C@@H](CC1=CC=CC=C1)NC,0.96,methamphetamine,B3DB(CC0)
CCCCCCCCC=C,0.96,1-decene,B3DB(CC0)
CC(C)(C)C1=CC(=C(C=C1)OC(F)(F)F)CNC2CCCNC2C3=CC=CC=C3,0.96,145742-01-4,B3DB(CC0)
CC1CCCCC1,0.96,methylcyclohexane,B3DB(CC0)
C1=CC=C2C(=C1)N(C3=C(S2)C=CC(=C3)Cl)CCCN,0.97,2095-17-2,B3DB(CC0)
CC(C)(C)C1=CC(=C(C=C1)OC)CNC2CCCNC2C3=CC=CC=C3,0.98,pfizer compound 6,B3DB(CC0)
C1CCN(CC1)CC2=CC(=C(C=C2)I)CN3CCCCC3,0.98,"4-iodo-alpha,alpha'- dipiperidino-m-xylene",B3DB(CC0)
CC(CN1C2=CC=CC=C2CCC3=CC=CC=C31)CN(C)C,0.99,trimipramine,B3DB(CC0)
CN1CCN2C(C1)C3=CC=CC=C3CC4=CC=CC=C42,0.99,24219-97-4,B3DB(CC0)
CCCC(C)C,1.0,2-methylpentane (isohexane),B3DB(CC0)
CC(C)(C)OC(=O)CCCC1=CC=C(C=C1)N(CCCl)CCCl,1.0,tertbutylchlorambucil,B3DB(CC0)
CCC(C)(C)C,1.0,"2,2-dimethylbutane",B3DB(CC0)
CCC(C)CC,1.0,3-methylpentane,B3DB(CC0)
CN(C)CC/C=C/1\C2=CC=CC=C2COC3=CC=CC=C31,1.0,doxepin,B3DB(CC0)
CN(C)CCC=C1C2=CC=CC=C2COC3=CC=CC=C31,1.0,doxepin,B3DB(CC0)
CC12CCN(C1N(C3=C2C=C(C=C3)OC(=O)NC4=CC=CC=C4)C)C,1.0,acmc-20dhn6,B3DB(CC0)
C1CN(CCC1S(=O)(=O)C2=CC=C(C=C2)C#N)CCC3=C(C=C(C=C3)F)F,1.0,compound 26,B3DB(CC0)
CCCCCCN1CCN(CC1)C2=CC=C(C=C2)I,1.01,1-hexyl-4-(4- iodophenyl)piperazine,B3DB(CC0)
CC1CCC(C(C1)C)C,1.02,tripropylphosphine,B3DB(CC0)
CN1CC2C(C1)C3=C(C=CC(=C3)Cl)OC4=CC=CC=C24,1.03,org-5222,B3DB(CC0)
CN1CCC2(O)c3ccccc3Oc4ccc(Cl)cc4C2([H])C1,1.03,"b-102, asenapine, org5222",B3DB(CC0)
CNCCC=C1C2=CC=CC=C2CCC3=CC=CC=C31,1.04,nortriptyline,B3DB(CC0)
COC1=C(C=C(C=C1)Cl)[C@]2(C3=C(C=C(C=C3)C(F)(F)F)NC2=O)F,1.04,bms-204352,B3DB(CC0)
CCCCCCCC(C)C,1.05,2-methylnonane,B3DB(CC0)
CN(C)CCC=C1C2=CC=CC=C2C=CC3=CC=CC=C31,1.06,cyclobenzaprine,B3DB(CC0)
CC1CCCCC1C,1.07,"1,2-dimethylcyclohexane",B3DB(CC0)
CCC1=CC=C(C=C1)C(=O)C(C)CN2CCCC2,1.08,inaperisone,B3DB(CC0)
CC(CC1CCCCC1)NC,1.08,101-40-6,B3DB(CC0)
C[C@H](CC1CCCCC1)NC,1.08,(r)-propylhexedrine,B3DB(CC0)
COC1=CC=C(C=C1)CCN2CCC(CC2)NC3=NC4=CC=CC=C4N3CC5=CC=C(C=C5)F,1.1,astemizole,B3DB(CC0)
CC12C3=CC=CC=C3CC(N1)C4=CC=CC=C24,1.11,77086-21-6,B3DB(CC0)
C1CN(CCC1COC2=CC=C(C=C2)C#N)C/C=C/I,1.13,i-4 (44cyanophenoxymethylpiperidineniodoallyl),B3DB(CC0)
C1CN(CCC1COC2=CC=C(C=C2)C#N)CC=CI,1.13,i-4 (44cyanophenoxymethylpiperidineniodoallyl),B3DB(CC0)
C1CCNC2=C(C1)C=CC(=C2)C(=O)CCC3CCN(CC3)CC4=CC=CC=C4,1.14,zanapezil,B3DB(CC0)
CC(C)NCC(COC1=CC=C(C=C1)CCOC)O,1.15,metoprolol,B3DB(CC0)
CCC1=CC(=CC=C1)NC(=NC2=CC=CC(=C2)CC)C,1.2,9-c17,B3DB(CC0)
COC1=CC2=C(C=C1CNC3CCCNC3C4=CC=CC=C4)N=C(S2)C5=CC=CC=C5,1.26,pfizer compound 23,B3DB(CC0)
C1CN(CCC1(C2=CC=C(C=C2)Cl)O)CCCC(=O)C3=CC=C(C=C3)F,1.3,haloperidol,B3DB(CC0)
CC(CN1C2=CC=CC=C2SC3=CC=CC=C31)N(C)C,1.3,promethazine,B3DB(CC0)
CNCCCC12CCC(C3=CC=CC=C31)C4=CC=CC=C24,1.3,maprotiline,B3DB(CC0)
CNCCCN1C2=CC=CC=C2SC3=C1C(=CC=C3)Cl,1.37,nor-1-chlorpromazine,B3DB(CC0)
CC(C)CN1CCN(CC1)C2=CC=C(C=C2)I,1.38,1-isobutyl-4-(4-iodophenyl)piperazine,B3DB(CC0)
CCC(C)N1CCN(CC1)C2=CC=C(C=C2)I,1.38,1-isobutyl-4-(4-iodophenyl)piperazine,B3DB(CC0)
C1CN(CCC1(C2=CC=C(C=C2)Br)O)CCCC(=O)C3=CC=C(C=C3)F,1.38,bromperidol,B3DB(CC0)
C1(Br)C=CC(C2(O)CCN(CCC(=O)C3C=CC(F)=CC=3)CC2)=CC=1,1.38,bromperidol,B3DB(CC0)
C[NH+]1CC[NH+](CC1)CCCN2C3=CC=CC=C3SC4=C2C=C(C=C4)C(F)(F)F,1.4,117-89-5,B3DB(CC0)
CC(C(=O)C1=CC(=CC=C1)Cl)NC(C)(C)C,1.4,bupropion (zyban),B3DB(CC0)
CC1CCN(CC1)CCCN2C3=CC=CC=C3SC4=C2C=C(C=C4)C(F)(F)F,1.44,chembl4248308,B3DB(CC0)
CN(C)CCCN1C2=CC=CC=C2SC3=C1C=C(C=C3)C(F)(F)F,1.44,trifluopromazine,B3DB(CC0)
CN1CCN(CC1)CCCn1c2ccccc2sc2cccc(C(F)(F)F)c12,1.44,trifluroperazine,B3DB(CC0)
C1CN(CCN1CCCN2C3=CC=CC=C3SC4=C2C=C(C=C4)C(F)(F)F)CCO,1.5,fluphenazine,B3DB(CC0)
CNC1CCC(C2=CC=CC=C12)C3=CC(=C(C=C3)Cl)Cl,1.6,79559-97-0,B3DB(CC0)
C1CN(CCN1)C2=NC(=C(C=C2)C(F)(F)F)Cl,1.64,chebi: 568657,B3DB(CC0)
C[C@@H]1OC[C@@H]2[C@@H](O1)[C@@H]([C@H]([C@@H](O2)O[C@H]3[C@H]4COC(=O)[C@@H]4[C@@H](C5=CC6=C(C=C35)OCO6)C7=CC(=C(C(=C7)OC)O)OC)O)O,-1.5,etoposide,B3DB(CC0)
CC(=O)N1CCN(CC1)C2=CC=C(C=C2)OC[C@H]3CO[C@](O3)(CN4C=CN=C4)C5=C(C=C(C=C5)Cl)Cl,-0.28,ketoconazole,B3DB(CC0)
CC(C)(C)/[N+](=C/C1=CC=CC=C1)/[O-],0.0,phenyl-n-tert-butylnitrone,B3DB(CC0)
C([C@H]([C@H]([C@@H]([C@@H](CO)O)O)O)O)O,-1.6,d-mannitol,B3DB(CC0)
CN=C(NC#N)NC1=CC=CC(=C1)C2=CSC(=N2)N=C(N)N,-1.54,chebi: 145922,B3DB(CC0)
CCC1=C2C(=CC=C1)C3=C(N2)C(OCC3)(CC)CC(=O)O,-1.42,etodolac,B3DB(CC0)
CC1=C(N=CN1)CSCCNC(=NC)NC#N,-1.4,cimetidine (y-g1),B3DB(CC0)
C1CC(OC1CO)N2C=NC3=C2N=CNC3=O,-1.3,didanosine,B3DB(CC0)
CC(C)(C)NCC(C1=CC(=C(C=C1)O)CO)O,-1.3,salbutamol ,B3DB(CC0)
C1=CC=C(C=C1)C2=CSC(=N2)CCN,-1.3,yg19,B3DB(CC0)
C1C2=NN=C(N2C3=C(C=C(C=C3)Cl)C(=N1)C4=CC=CC=C4)CO,-1.3,α-hydroxyalprazolam (alpha-hydroxyalprazolam),B3DB(CC0)
CC1C(C(CC(O1)OC2C(OC(CC2O)OC3C(OC(CC3O)OC4CCC5(C(C4)CCC6C5CC(C7(C6(CCC7C8=CC(=O)OC8)O)C)O)C)C)C)O)O,-1.2,cogoxin,B3DB(CC0)
C1CC(OC1CO)N2C=CC(=NC2=O)N,-1.2,nsc606170,B3DB(CC0)
C1C[C@@H](O[C@@H]1CO)N2C=CC(=NC2=O)N,-1.2,"2',3'-dideoxycytidine (zalcitabine)",B3DB(CC0)
CN(C)CC1=CC=C(O1)CSCCNC2=C(C=CN2)[N+](=O)[O-],-1.12,74188-86-6,B3DB(CC0)
C1=CC=C(C(=C1)C(=O)O)O,-1.1,salicylic acid (2-hydroxybenzoic acid),B3DB(CC0)
CCN1C=C(C(=O)C2=CC(=C(C=C21)N3CCNCC3)F)C(=O)O,-1.1,norfloxacin,B3DB(CC0)
CC(C)(C)NC(=O)C1CC2CCCCC2CN1CC(C(CC3=CC=CC=C3)NC(=O)C(CC(=O)N)NC(=O)C4=NC5=CC=CC=C5C=C4)O,-1.03,127779-20-8,B3DB(CC0)
CCC1(CC2CC(C3=C(CC[NH+](C2)C1)C4=CC=CC=C4N3)(C5=C(C=C6C(=C5)C78CC[NH+]9C7C(C=CC9)(C(C(C8N6C=O)(C(=O)OC)O)OC(=O)C)CC)OC)C(=O)OC)O,-1.03,vincristine,B3DB(CC0)
CC(C)(C1=CC=C(C=C1)C(CCCN2CCC(CC2)C(C3=CC=CC=C3)(C4=CC=CC=C4)O)O)C(=O)O,-1.0,fexofenadine (allegra),B3DB(CC0)
CC(C)(C)NC(=O)[C@@H]1C[C@@H]2CCCC[C@@H]2CN1C[C@H]([C@H](CC3=CC=CC=C3)NC(=O)[C@H](CC(=O)N)NC(=O)C4=NC5=CC=CC=C5C=C4)O,-0.95,saquinavir,B3DB(CC0)
CC(C)NCC(COC1=CC=C(C=C1)CC(=O)N)O,-0.9,atenolol ,B3DB(CC0)
CC1=CN(C(=O)NC1=O)[C@H]2C[C@@H]([C@H](O2)CO)F,-0.85,alovudine,B3DB(CC0)
C1CN(CCC1N2C3=C(C=C(C=C3)Cl)NC2=O)CCCN4C5=CC=CC=C5NC4=O,-0.8,domperidone,B3DB(CC0)
C1=NC2=C(N1COCCO)NC(=NC2=O)N,-0.8,aciclovir,B3DB(CC0)
CC1=CN(C(=O)NC1=O)C2CC(C(O2)CO)N=[N+]=[N-],-0.72,zidovudine,B3DB(CC0)
CC1=CN(C(=O)NC1=O)[C@H]2C[C@@H]([C@H](O2)CO)N=[N+]=[N-],-0.7,zidovudine,B3DB(CC0)
CC(C)C(CCCN(C)CCC1=CC(=C(C=C1)OC)OC)(C#N)C2=CC(=C(C=C2)OC)OC,-0.7,verapamil,B3DB(CC0)
CC1=C(C(=O)N2CCCC(C2=N1)O)CCN3CCC(CC3)C4=NOC5=C4C=CC(=C5)F,-0.7,paliperidone,B3DB(CC0)
CC(=O)OC1=CC=CC=C1C(=O)[O-],-0.5,50-78-2,B3DB(CC0)
CC1=CC=C(C=C1)C2=C(N3C=C(C=CC3=N2)C)CC(=O)N(C)C,-0.48,zolpidem,B3DB(CC0)
CNS(=O)(=O)CCC1=CC2=C(C=C1)NC=C2C3CCN(CC3)C,-0.46,naratriptan,B3DB(CC0)
CCCN(CCC)CCC1=C2CC(=O)NC2=C(C=C1)O,-0.43,skf 89124,B3DB(CC0)
CNS(=O)(=O)CC1=CC2=C(C=C1)NC=C2CCN(C)C,-0.4,sumatriptan,B3DB(CC0)
CC(C)(C)NCC(COC1=CC=CC2=C1CCC(=O)N2)O,-0.4,carteolol,B3DB(CC0)
CN1CCCCC1CCN2C3=CC=CC=C3SC4=C2C=C(C=C4)S(=O)C,-0.4,mesoridazine,B3DB(CC0)
CC(C)(C)/[N+](=C\C1=CC=[N+](C=C1)[O-])/[O-],-0.38,"alpha-(4-pyridyl-1-oxide)-n-tert-
butylnitrone",B3DB(CC0)
CC(=O)NC1=CC=C(C=C1)O,-0.3,acetaminophen (p-acetamidophenol),B3DB(CC0)
CNCCC1=CC=CC=N1,-0.3,betahistine (y-g 14),B3DB(CC0)
CN1C2=C(C(=O)N(C1=O)C)NC=N2,-0.3,theophylline,B3DB(CC0)
C(Cl)Cl,-0.3,dichloromethane,B3DB(CC0)
CN1CC[C@]23[C@@H]4[C@H]1CC5=C2C(=C(C=C5)O)O[C@H]3[C@H](C=C4)O,-0.3,morphine,B3DB(CC0)
CCC1(CC(=O)NC1=O)C,-0.3,ethosuximide,B3DB(CC0)
CC1=NC=C2N1C3=C(C=C(C=C3)Cl)C(=NC2O)C4=CC=CC=C4F,-0.3,59468-85-8,B3DB(CC0)
CCOC(=O)N1CCC(=C2C3=C(CCC4=C2N=CC=C4)C=C(C=C3)Cl)CC1,-0.3,loratadine,B3DB(CC0)
CC1C(=O)NC2(CCCC2)C(=O)N1,-0.26,107447-22-3,B3DB(CC0)
CCCC(CCC)C(=O)O,-0.2,valproate,B3DB(CC0)
CN1CCC23C4C1CC5=C2C(=C(C=C5)O)OC3C(C=C4)O,-0.2,morphine,B3DB(CC0)
COC1=CC2=C(C=CN=C2C=C1)C(C3CC4CCN3CC4C=C)O,-0.2,quinidine (quinine),B3DB(CC0)
CCC1(C(=O)NC(=O)NC1=O)C,-0.2,5-methyl-5-ethyl barbituric acid (nsc 30403),B3DB(CC0)
CC(C)(C)C1=CC2=NN=C(N2N=C1OCC3=NC=NN3C)C4=C(C=CC(=C4)F)F,-0.2,l-838417,B3DB(CC0)
C1CN(CCN1CCCN2C(=O)N3C=CC=CC3=N2)C4=CC(=CC=C4)Cl,-0.2,trazodone,B3DB(CC0)
CCO,-0.2,ethanol,B3DB(CC0)
C1CCC(CC1)(CC(=O)O)CN,-0.19,gabapentin,B3DB(CC0)
CC(C)CO,-0.17,2-methylpropan-1-ol,B3DB(CC0)
CCCO,-0.16,propan-1-ol,B3DB(CC0)
C[C@@H]1C[C@H]2[C@@H]3CCC4=CC(=O)C=C[C@@]4([C@]3([C@H](C[C@@]2([C@]1(C(=O)CO)O)C)O)F)C,-0.15,dexamethasone,B3DB(CC0)
CCCC(C)(COC(=O)N)COC(=O)N,-0.15,meprobamate,B3DB(CC0)
CC(=O)C,-0.15,propan-2-one (acetone),B3DB(CC0)
C1CN(CCN1C2=NN=C(C(=C2)C3=CC=NC=C3)C4=CC=CC=C4)C5=NC=CC=N5,-0.15,"minokine, mw01-2-069srm",B3DB(CC0)
C(=O)(N)N,-0.14,urea,B3DB(CC0)
C(=C\Cl)\Cl,-0.13,"cis-1,2-dichloroethylene",B3DB(CC0)
CCC1(C(=O)NC(=O)NC1=O)C2=CC=CC=C2,-0.12,phenobarbital,B3DB(CC0)
CCC1(CC2CC(C3=C(CCN(C2)C1)C4=CC=CC=C4N3)(C5=C(C=C6C(=C5)C78CCN9C7C(C=CC9)(C(C(C8N6C)(C(=O)OC)O)OC(=O)C)CC)OC)C(=O)OC)O,-0.1,vinblastine,B3DB(CC0)
C1=CC=C(C=C1)C2(C(=O)NC(=O)N2)C3=CC=CC=C3,-0.1,phenytoin,B3DB(CC0)
CCCC(C)C1(C(=O)NC(=S)NC1=O)CC,-0.1,thiopental (thiopentone),B3DB(CC0)
CC1=CC(=O)N(N1C)C2=CC=CC=C2,-0.1,antipyrine ok,B3DB(CC0)
CC(C)O,-0.1,2-propanol (isopropanol),B3DB(CC0)
CCC(=O)C,-0.1,2-butanone,B3DB(CC0)
CC(C)NCC(COC1=CC=CC2=C1C=CN2)O,-0.1,pindolol,B3DB(CC0)
C1=CC=C2C(=C1)C=CC3=CC=CC=C3N2C(=O)N,-0.1,carbamazepine,B3DB(CC0)
CN1C=NC2=C1C(=O)N(C(=O)N2C)C,-0.1,58-08-2,B3DB(CC0)
CC1(O[C@@H]2CO[C@@]3([C@H]([C@@H]2O1)OC(O3)(C)C)COS(=O)(=O)N)C,-0.07,topiramate,B3DB(CC0)
CC[C@H](C)C(=O)O[C@H]1C[C@H](C=C2[C@H]1[C@H]([C@H](C=C2)C)CC[C@@H]3C[C@H](CC(=O)O3)O)C,-0.07,lovastatin,B3DB(CC0)
CC[C@@H](C(=O)N)N1CCCC1=O,-0.04,levetiracetam,B3DB(CC0)
ClC1=CC=CC(OC2CCN(CCC3CCCN3S(=O)(=O)C3=CC4=C(C=CN4)C=C3)CC2)=C1,-0.04,sb-656104-a,B3DB(CC0)
CC(C)(C)C1=CN=C(O1)CSC2=CN=C(S2)NC(=O)C3CCNCC3,-0.01,sns-032,B3DB(CC0)
CC1=C(C(=O)N2CCCCC2=N1)CCN3CCC(CC3)C4=NOC5=C4C=CC(=C5)F,0.0,risperidone,B3DB(CC0)
CCOCC,0.0,diethylether (ether),B3DB(CC0)
CN1CC[C@@]23CCCC[C@@H]2[C@@H]1CC4=C3C=C(C=C4)OC,0.02,dextromethorphan,B3DB(CC0)
CCCCNC(=S)NC1=CC=CC=C1,0.03,1-butyl-3-phenylthiourea,B3DB(CC0)
[Xe],0.03,7440-63-3,B3DB(CC0)
CCC1(C(=O)NC(=O)NC1=O)CCC(C)C,0.04,amobarbital,B3DB(CC0)
CC(C)(C)C#CC=CCN(C)CC1=CC=CC2=CC=CC=C21,0.08,terbinafine,B3DB(CC0)
CC1(C(=O)NC(=O)N(C1=O)C)C2=CCCCC2,0.1,56-29-1,B3DB(CC0)
C1CC1,0.1,cyclopropane (trimethylene),B3DB(CC0)
C=COC=C,0.1,divinylether,B3DB(CC0)
CCCC(C)C1(C(=O)NC(=O)NC1=O)CC,0.1,pentobarbital,B3DB(CC0)
C1CN=C(N1)NC2=C(C=CC=C2Cl)Cl,0.1,2pnc,B3DB(CC0)
C1=CC(=C(C=C1C2=NC3=C(S2)C=C(C=C3)O)I)N,0.2,2-(3'-iodo-4'-aminophenyl)-6-hydroxybenzothiazole,B3DB(CC0)
CCCN(CCC)CCC1=C2CC(=O)NC2=CC=C1,0.2,ropinirole (skf101468),B3DB(CC0)
CN1CCCCC1CCN2C3=CC=CC=C3SC4=C2C=C(C=C4)SC,0.2,thioridazine,B3DB(CC0)
COC(C(Cl)Cl)(F)F,0.2,methoxyflurane,B3DB(CC0)
CCC1=CC=CC=C1,0.2,ethylbenzene,B3DB(CC0)
CC1=CC(=CC=C1)C,0.2,m-xylene,B3DB(CC0)
C(C(OC(F)F)(F)F)(F)Cl,0.24,enflurane,B3DB(CC0)
CN1CCCC1C2=CN=CC=C2,0.24,nicotine,B3DB(CC0)
CCCBr,0.27,1-bromopropane (n- propylbromide),B3DB(CC0)
CC1=CC(=CC=C1)OCC(CNC(C)C)O,0.28,toliprolol,B3DB(CC0)
C(=C(Cl)Cl)Cl,0.3,trichloroethene,B3DB(CC0)
C(C(F)(F)F)(Cl)Br,0.3,halothane,B3DB(CC0)
C(Cl)(Cl)Cl,0.3,trichloromethane (chloroform),B3DB(CC0)
CN1C(=O)CC(=O)N(C2=C1C=CC(=C2)Cl)C3=CC=CC=C3,0.3,22316-47-8,B3DB(CC0)
CC(Cl)(Cl)Cl,0.4,methylchloroform,B3DB(CC0)
C1C(=O)NC2=C(C=C(C=C2)Cl)N(C1=O)C3=CC=CC=C3,0.4,desmethylclobazam;          norclobazam; nordiazepam,B3DB(CC0)
OCCOCC[NH+]1CC[NH+](CC1)C(c2ccccc2)c3ccc(Cl)cc3,0.4,hydroxyzine,B3DB(CC0)
C1=CC=CC=C1,0.4,benzene,B3DB(CC0)
CC1=CC=CC=C1,0.4,toluene,B3DB(CC0)
CC1=CC=C(C=C1)C,0.4,p-xylene ,B3DB(CC0)
CC1=NC=C2N1C3=C(C=C(C=C3)Cl)C(=NC2)C4=CC=CC=C4F,0.4,midazolam,B3DB(CC0)
C1CCC(CC1)(C2=CC=CC=C2)N3CCCCC3,0.4,phencyclidine,B3DB(CC0)
C(C(F)(F)F)(OC(F)F)Cl,0.42,isoflurane,B3DB(CC0)
C1=CC=C(C(=C1)C2=NC(C(=O)NC3=C2C=C(C=C3)Cl)O)Cl,0.44,lorazepam,B3DB(CC0)
C1=CC(=C(C(=C1)Cl)Cl)C2=C(N=C(N=N2)N)N,0.48,lamotrigine,B3DB(CC0)
CN1C(=O)CN=C(C2=C1C=CC(=C2)Cl)C3=CC=CC=C3,0.5,diazepam,B3DB(CC0)
C1CCC2(C1)CC(=O)N(C(=O)C2)CCCCN3CCN(CC3)C4=NC=CC=N4,0.5,buspirone,B3DB(CC0)
C1C(=O)NC2=C(C=C(C=C2)Cl)C(=N1)C3=CC=CC=C3,0.5,1088-11-5,B3DB(CC0)
CC1C2CC3=C(C1(CCN2CC=C(C)C)C)C=C(C=C3)O,0.54,pentazocine,B3DB(CC0)
CN1CCC23C4C1CC5=C2C(=C(C=C5)OC)OC3C(C=C4)O,0.6,"3-methoxy-17-methyl-7,8-didehydro-4,5-epoxymorphinan-6-ol",B3DB(CC0)
CCC(=O)N(C1CCN(CC1)CCC2=CC=CC=C2)C3=CC=CC=C3,0.6,fentanyl,B3DB(CC0)
CN1CC[C@]23[C@@H]4[C@H]1CC5=C2C(=C(C=C5)OC)O[C@H]3[C@H](C=C4)O,0.6,codeine,B3DB(CC0)
CC(C)NCC(COC1=CC=CC2=CC=CC=C21)O,0.64,upcmld-dp067,B3DB(CC0)
CC(C)(C)N1CCC(CC1)(C2=CC=CC=C2)C3=CC=CC=C3,0.66,budipine,B3DB(CC0)
CC1C2=CC=CC=C2CCN1C3=NC(=NC(=C3C)C)NC4=CC=C(C=C4)F,0.68,revaprazan,B3DB(CC0)
CC(C)C1=C(C(=CC=C1)C(C)C)O,0.7,"propofol, diprivan",B3DB(CC0)
CN(C)C[C@H]1CCCC[C@@]1(C2=CC(=CC=C2)OC)O,0.7,tramadol,B3DB(CC0)
CC1=NN=C2N1C3=C(C=C(C=C3)Cl)C(=NC2)C4=CC=CC=C4Cl,0.7,28911-01-5,B3DB(CC0)
CNCCC(C1=CC=CC=C1)OC2=CC=C(C=C2)C(F)(F)F,0.72,fluoxetine,B3DB(CC0)
CN(C)C(=O)C(CCN1CCC(CC1)(C2=CC=C(C=C2)Cl)O)(C3=CC=CC=C3)C4=CC=CC=C4,0.77,loperamide(1+),B3DB(CC0)
CC1=CC2=C(S1)NC3=CC=CC=C3N=C2N4CCN(CC4)C,0.8,olanzapine,B3DB(CC0)
CCCCCCC,0.8,heptane,B3DB(CC0)
CCCCC,0.8,pentane,B3DB(CC0)
CCCCCC,0.8,n-hexane,B3DB(CC0)
CN(C)CCCN1C2=CC=CC=C2CCC3=CC=CC=C31,0.8,imipramine,B3DB(CC0)
CCCCCC(C)C,0.86,2-methylheptane,B3DB(CC0)
COC(=O)C(C1CCCCN1)C2=CC=CC=C2,0.88,methylphenidate,B3DB(CC0)
COC1=C(C=C2C(=C1)CC(C2=O)CC3CCN(CC3)CC4=CC=CC=C4)OC,0.89,donepezil,B3DB(CC0)
CCC(=O)C(CC(C)N(C)C)(C1=CC=CC=C1)C2=CC=CC=C2,0.9,methadone,B3DB(CC0)
CN(C)CCC=C1C2=CC=CC=C2CCC3=CC=CC=C31,0.9,50-48-6,B3DB(CC0)
C1CCCCC1,0.9,cyclohexane,B3DB(CC0)
CC(CC1=CC=CC=C1)NC,0.9,methamphetamine (pervertin),B3DB(CC0)
CC/C(=C(\C1=CC=CC=C1)/C2=CC=C(C=C2)OCCN(C)C)/C3=CC=CC=C3,0.92,s123,B3DB(CC0)
CCCCCCC(C)C,0.98,2-methyl nonane,B3DB(CC0)
CN(C)CCCC1(C2=C(CO1)C=C(C=C2)C#N)C3=CC=C(C=C3)F,0.99,citalopram,B3DB(CC0)
C[C@@]12CCN([C@@H]1N(C3=C2C=C(C=C3)OC(=O)NC4=CC=CC=C4)C)C,1.0,phenserine,B3DB(CC0)
C[NH+](C)CCCN1C2=CC=CC=C2SC3=C1C=C(C=C3)Cl,1.06,50-53-3,B3DB(CC0)
[NH3+]CCCN1c2ccccc2CCc3ccccc13,1.1,desmethyldesipramine,B3DB(CC0)
C[NH2+]CCCN1C2=CC=CC=C2CCC3=CC=CC=C31,1.2,2qju,B3DB(CC0)
CN(C)CCCN1C2=CC=CC=C2SC3=CC=CC=C31,1.23,promazine,B3DB(CC0)
CN(C)CCOC(C1=CC=CC=C1)C2=CC=CC=C2,1.3,diphenhydramine,B3DB(CC0)
CNCCCN1C2=CC=CC=C2SC3=C1C=C(C=C3)Cl,1.4,1225-64-5,B3DB(CC0)
CN[C@H]1CC[C@H](C2=CC=CC=C12)C3=CC(=C(C=C3)Cl)Cl,1.6,sertraline,B3DB(CC0)
